2101,Jesper, Harriot,hjesper0@tamu.edu,235.207.150.1
2105,Tirone, Suzy,stirone4@newyorker.com,19.187.165.119
2111,Chilles, Tallie,tchillesa@google.com,110.68.113.127
2113,Coughlin, Abagail,acoughlinc@ameblo.jp,205.139.134.96
2115,Danell, Elnora,edanelle@sfgate.com,85.243.6.165
2119,Maltby, Verile,vmaltbyi@usatoday.com,46.68.224.142
2123,Blacklawe, Tine,tblacklawem@cbslocal.com,109.197.67.198
2127,Welford, Rosella,rwelfordq@ebay.co.uk,46.223.232.152
2131,Barmby, Di,dbarmbyu@google.com.hk,125.234.76.66
2133,Teresia, Rani,rteresiaw@1und1.de,252.216.1.116
2135,Rozet, Amargo,arozety@goo.gl,3.15.20.150
2143,Fould, Sadella,sfould16@nba.com,215.223.7.143
2145,Allday, Mathilda,mallday18@reference.com,237.124.125.192
2149,Regitz, Zea,zregitz1c@whitehouse.gov,220.164.41.236
2151,Astall, Emmalyn,eastall1e@wsj.com,44.238.41.75
2159,Stollsteimer, Camilla,cstollsteimer1m@deviantart.com,238.144.88.108
2163,Stirzaker, Vania,vstirzaker1q@nsw.gov.au,230.174.65.16
2165,Rummery, Marla,mrummery1s@symantec.com,189.106.207.11
2167,Wilbraham, Gennie,gwilbraham1u@google.de,2.116.47.183
2169,Davioud, Rhodie,rdavioud1w@blogger.com,118.102.42.228
2171,Sewley, Korella,ksewley1y@umich.edu,76.167.225.202
2173,Woolcocks, Kym,kwoolcocks20@europa.eu,58.156.10.10
2175,Dennehy, Rosa,rdennehy22@deviantart.com,62.197.99.121
2187,Hearl, Dahlia,dhearl2e@biglobe.ne.jp,94.77.76.248
2189,Trigg, Erhart,etrigg2g@goo.gl,133.136.183.73
2191,Millson, Malvina,mmillson2i@pbs.org,201.194.177.188
2193,Sloss, Gertie,gsloss2k@china.com.cn,247.102.123.68
2195,Upfold, Dinah,dupfold2m@mashable.com,170.40.2.127
2199,Biskupek, Dianne,dbiskupek2q@rediff.com,163.199.252.221
2205,Bemrose, Amitie,abemrose2w@webeden.co.uk,244.216.34.193
2207,Bartoleyn, Britt,bbartoleyn2y@liveinternet.ru,153.81.223.9
2209,Emby, Vannie,vemby30@japanpost.jp,71.151.237.237
2211,Wadmore, Livvy,lwadmore32@people.com.cn,181.129.217.63
2213,Coffin, Cicily,ccoffin34@ebay.com,30.15.31.185
2219,Callaby, Lolly,lcallaby3a@squarespace.com,208.59.8.36
2221,Georgiades, Keslie,kgeorgiades3c@i2i.jp,235.71.48.233
2223,Christopherson, Florette,fchristopherson3e@wired.com,15.75.58.42
2225,Retallick, Clifford,cretallick3g@hc360.com,164.198.46.101
2227,Reynard, Joletta,jreynard3i@china.com.cn,46.148.177.173
2237,Dight, Joell,jdight3s@weather.com,119.123.52.162
2239,Collisson, Teriann,tcollisson3u@g.co,38.175.36.187
2241,Wisniowski, Abigail,awisniowski3w@shareasale.com,173.254.80.230
2243,Common, Colene,ccommon3y@vk.com,1.19.130.156
2247,Broadfield, Felicia,fbroadfield42@plala.or.jp,96.123.26.235
2255,Samsworth, Ettie,esamsworth4a@omniture.com,140.197.109.102
2257,Tersay, Dorisa,dtersay4c@npr.org,170.38.146.105
2259,D'Andrea, Harriet,hdandrea4e@twitter.com,26.239.37.8
2265,Fredi, Bev,bfredi4k@nba.com,52.75.8.70
2273,Eilhersen, Gina,geilhersen4s@narod.ru,204.66.110.253
2277,Bebis, Elisha,ebebis4w@cnet.com,90.200.118.12
2279,Fargher, Jannelle,jfargher4y@storify.com,192.215.8.32
2281,Strang, Guglielma,gstrang50@noaa.gov,140.4.138.97
2291,Spraggon, Auberta,aspraggon5a@cornell.edu,76.164.211.216
2295,Mea, Caterina,cmea5e@cnet.com,151.93.176.13
2297,Amer, Oralee,oamer5g@nationalgeographic.com,33.171.207.8
2303,Drewry, Delinda,ddrewry5m@indiatimes.com,89.4.244.173
2307,Kulic, Ranee,rkulic5q@eepurl.com,221.196.31.117
2309,Delong, Dorry,ddelong5s@imageshack.us,102.85.19.104
2311,Wigginton, Clementine,cwigginton5u@newsvine.com,62.5.193.187
2315,Harmstone, Annalee,aharmstone5y@gravatar.com,69.251.62.90
2319,Strothers, Brit,bstrothers62@thetimes.co.uk,75.129.48.205
2321,Woolfoot, Hallsy,hwoolfoot64@imageshack.us,140.213.149.251
2323,Kensley, Avis,akensley66@comsenz.com,238.226.22.255
2327,Kamen, Tabby,tkamen6a@princeton.edu,204.198.140.101
2329,Marriner, Maryl,mmarriner6c@github.com,84.230.66.6
2331,Neno, Margie,mneno6e@telegraph.co.uk,67.23.51.217
2333,Bembrigg, Merrie,mbembrigg6g@mtv.com,219.144.16.121
2341,Connors, Rayshell,rconnors6o@sohu.com,119.227.155.255
2345,Pedrozzi, Umeko,upedrozzi6s@theatlantic.com,159.80.195.137
2347,Balme, Roselle,rbalme6u@blinklist.com,204.64.167.12
2349,Clifford, Ashley,aclifford6w@jugem.jp,145.73.109.108
2359,Filipowicz, Godiva,gfilipowicz76@yandex.ru,214.226.99.61
2363,Votier, Nata,nvotier7a@nba.com,97.199.157.175
2367,Barkshire, Kristine,kbarkshire7e@washington.edu,149.68.76.182
2373,Iliffe, Yvonne,yiliffe7k@discuz.net,104.65.219.233
2375,Ianson, Ninnetta,nianson7m@blogspot.com,51.101.110.56
2377,Dible, Ivy,idible7o@myspace.com,113.29.178.167
2379,Grazier, Elsinore,egrazier7q@intel.com,152.29.15.105
2381,Brilon, Tiffany,tbrilon7s@sogou.com,145.129.1.201
2393,Durrance, Sena,sdurrance84@tmall.com,58.114.190.87
2395,Scocroft, Marquita,mscocroft86@livejournal.com,252.239.93.67
2397,Overstreet, Anabel,aoverstreet88@wordpress.org,43.194.249.63
2399,Domotor, Evaleen,edomotor8a@cloudflare.com,69.229.159.214
2401,Origan, Lina,lorigan8c@jimdo.com,70.165.166.157
2405,McEnery, Victoria,vmcenery8g@live.com,135.162.72.239
2407,Haken, Jobye,jhaken8i@timesonline.co.uk,102.17.140.40
2409,Chason, Gert,gchason8k@reference.com,204.115.96.87
2411,Buterton, Catherine,cbuterton8m@odnoklassniki.ru,234.183.139.157
2415,Loffill, Marlene,mloffill8q@feedburner.com,20.69.32.117
2417,Selwyne, Marya,mselwyne8s@feedburner.com,110.118.137.213
2421,Wightman, Roana,rwightman8w@opera.com,171.221.195.145
2425,Sinclar, Sophia,ssinclar90@de.vu,177.113.102.182
2427,Pichan, Modesty,mpichan92@google.nl,138.248.125.199
2429,De Vere, Joella,jdevere94@sun.com,235.250.194.85
2431,Strickland, Hanny,hstrickland96@plala.or.jp,151.143.97.153
2433,Lynd, Hildagarde,hlynd98@paypal.com,138.159.238.160
2437,Lammers, Claire,clammers9c@sourceforge.net,83.180.154.166
2439,Poate, Ainslie,apoate9e@shop-pro.jp,118.131.1.207
2441,Duetschens, Leigh,lduetschens9g@wunderground.com,114.226.213.104
2443,Bowller, Rozanne,rbowller9i@sbwire.com,180.168.97.223
2447,Tremain, Christina,ctremain9m@networksolutions.com,4.133.174.236
2449,Corradetti, Ethelin,ecorradetti9o@un.org,160.163.52.21
2453,Claisse, Billy,bclaisse9s@studiopress.com,214.237.85.100
2455,Mintoff, Lira,lmintoff9u@buzzfeed.com,128.172.98.79
2457,Jedraszczyk, Cindy,cjedraszczyk9w@blogger.com,202.234.29.12
2461,Guerrier, Channa,cguerriera0@ning.com,172.54.109.26
2463,Stalf, Michael,mstalfa2@trellian.com,117.123.49.89
2467,Pischof, Kristen,kpischofa6@yellowbook.com,127.7.99.115
2471,Ranner, Selle,sranneraa@ebay.co.uk,167.212.35.255
2475,Padefield, Ericha,epadefieldae@jugem.jp,104.162.209.147
2477,Thirlwell, Vickie,vthirlwellag@wunderground.com,237.125.138.62
2479,Meyrick, Candi,cmeyrickai@umn.edu,244.241.112.161
2481,Juares, Lanie,ljuaresak@ustream.tv,239.165.186.210
2483,Waker, Cindee,cwakeram@economist.com,52.72.115.146
2485,Dunkerk, Lebbie,ldunkerkao@businesswire.com,188.172.68.120
2489,Boanas, Amalie,aboanasas@behance.net,59.40.227.134
2491,Sedwick, Coreen,csedwickau@psu.edu,156.212.74.53
2493,Vannikov, Mallory,mvannikovaw@newyorker.com,223.192.239.129
2495,Cowpertwait, Penelope,pcowpertwaitay@jalbum.net,217.232.144.156
2501,Checci, Shayna,scheccib4@sitemeter.com,245.248.255.238
2503,Dickson, Teddie,tdicksonb6@telegraph.co.uk,80.121.173.65
2507,Meere, Beilul,bmeereba@chronoengine.com,49.209.146.15
2513,Mowbray, Ertha,emowbraybg@cdc.gov,148.21.213.226
2515,Alfonsetti, Cory,calfonsettibi@so-net.ne.jp,129.49.10.99
2523,Sidebotton, Rosaline,rsidebottonbq@taobao.com,91.83.106.148
2527,Wattam, Lotty,lwattambu@earthlink.net,212.63.134.17
2549,Kybird, Rhetta,rkybirdcg@earthlink.net,158.210.158.221
2551,Lemerie, Fleurette,flemerieci@google.com,245.159.105.6
2553,Bosquet, Guglielma,gbosquetck@wix.com,230.147.81.131
2555,Judge, Ibby,ijudgecm@networksolutions.com,246.50.13.11
2557,O'Shee, Hendrika,hosheeco@blogtalkradio.com,162.14.128.93
2559,Bulpitt, Norma,nbulpittcq@naver.com,205.242.102.182
2561,Yeardley, Eadmund,eyeardleycs@yale.edu,237.88.80.165
2563,McCallam, Corrina,cmccallamcu@squarespace.com,126.34.44.78
2565,Wabb, Lina,lwabbcw@google.co.jp,57.207.3.81
2569,Sullens, Lennard,lsullensd0@ycombinator.com,2.26.55.119
2571,Plum, Danella,dplumd2@themeforest.net,249.113.219.120
2577,Severn, Rosalyn,rsevernd8@wired.com,38.128.247.222
2579,Windus, Bernita,bwindusda@flickr.com,97.120.206.41
2581,Tinker, Berton,btinkerdc@addtoany.com,57.99.218.38
2583,Phelps, Berta,bphelpsde@cocolog-nifty.com,122.71.199.96
2585,Jedrzejewski, Doe,djedrzejewskidg@printfriendly.com,85.8.126.126
2589,Trillo, Sonnnie,strillodk@mac.com,21.242.240.241
2593,Foxon, Lidia,lfoxondo@cocolog-nifty.com,147.63.121.115
2597,Glastonbury, Patty,pglastonburyds@webeden.co.uk,62.195.102.138
2599,Everley, Aileen,aeverleydu@issuu.com,135.198.15.195
2601,Sabati, Darleen,dsabatidw@loc.gov,186.63.104.97
2603,McCathay, Sheila-kathryn,smccathaydy@loc.gov,163.100.239.114
2613,de'-Ancy Willis, Zandra,zdeancywillise8@dailymotion.com,43.244.222.137
2619,Munroe, Corly,cmunroeee@ftc.gov,215.140.238.161
2621,Fitzgerald, Daffie,dfitzgeraldeg@ifeng.com,147.236.130.125
2627,Strainge, Barbey,bstraingeem@mapy.cz,39.80.151.10
2633,Rodliff, Melicent,mrodliffes@youtu.be,103.102.140.130
2635,Isherwood, Angie,aisherwoodeu@chicagotribune.com,195.170.224.253
2637,Le Noury, Enriqueta,elenouryew@360.cn,134.5.149.80
2643,Dufton, Cornell,cduftonf2@psu.edu,106.252.107.54
2649,Chateau, Gisele,gchateauf8@seesaa.net,36.98.66.250
2657,Jeyness, Stefanie,sjeynessfg@friendfeed.com,8.170.206.88
2659,Antoniou, Honoria,hantonioufi@1688.com,32.207.133.193
2665,Wybrow, Donna,dwybrowfo@jalbum.net,108.88.114.252
2671,Manuaud, Tamar,tmanuaudfu@yahoo.co.jp,114.183.233.200
2673,Ivashov, Quintana,qivashovfw@vimeo.com,192.163.47.202
2677,Beake, Tisha,tbeakeg0@wikispaces.com,163.12.49.205
2679,Darbishire, Audi,adarbishireg2@ask.com,207.12.249.186
2683,Jezzard, Dani,djezzardg6@istockphoto.com,159.42.180.58
2685,Fipp, Fannie,ffippg8@a8.net,100.164.232.197
2687,Prine, Toby,tprinega@fastcompany.com,83.95.226.72
2689,Orable, Winny,worablegc@guardian.co.uk,148.205.28.219
2693,Vaughan, Betti,bvaughangg@indiegogo.com,135.190.84.13
2699,Mallabund, Micky,mmallabundgm@earthlink.net,197.83.143.90
2701,Du Hamel, Lissy,lduhamelgo@prnewswire.com,90.14.242.95
2705,Tutt, Darryl,dtuttgs@discuz.net,165.164.154.171
2707,Pedler, Tracy,tpedlergu@eventbrite.com,82.4.175.244
2709,Booker, Harwilll,hbookergw@photobucket.com,83.237.161.15
2711,Saxelby, Wilhelmina,wsaxelbygy@yelp.com,21.53.50.221
2713,Scarsbrooke, Jaine,jscarsbrookeh0@wunderground.com,232.186.101.134
2715,McArthur, Amandy,amcarthurh2@meetup.com,180.219.4.86
2717,Kniveton, Eolanda,eknivetonh4@hugedomains.com,53.118.8.21
2723,Gradley, Rosana,rgradleyha@cnet.com,163.151.134.74
2725,Kalderon, Angeline,akalderonhc@yandex.ru,113.160.93.153
2727,Ennals, Annabel,aennalshe@foxnews.com,227.228.218.137
2735,Di Carlo, Selene,sdicarlohm@stanford.edu,242.222.30.223
2737,Gonthard, Anette,agonthardho@omniture.com,121.240.58.111
2741,Trunby, Casi,ctrunbyhs@pen.io,185.160.169.123
2747,Wayt, Linea,lwaythy@geocities.jp,159.151.88.28
2757,Grimble, Reeva,rgrimblei8@wired.com,145.28.85.32
2763,Greest, Tana,tgreestie@sina.com.cn,6.109.183.144
2769,Shury, Dotty,dshuryik@yellowbook.com,110.135.37.77
2775,Hamnett, Sallyanne,shamnettiq@elegantthemes.com,227.8.253.173
2777,De Roberto, Jyoti,jderobertois@nydailynews.com,229.49.163.20
2781,Carroll, Alejandra,acarrolliw@ovh.net,236.29.232.151
2783,Worlidge, Jackie,jworlidgeiy@mail.ru,194.240.29.122
2785,McAllester, Jennette,jmcallesterj0@sciencedirect.com,188.199.213.159
2787,Gaggen, Ozzie,ogaggenj2@alexa.com,12.8.141.95
2789,Castellaccio, Eloise,ecastellaccioj4@1und1.de,86.250.181.250
2791,Vasichev, Christiana,cvasichevj6@ucla.edu,234.168.182.22
2795,Wasson, Kalindi,kwassonja@discovery.com,143.180.160.224
2797,Willis, Jerrilee,jwillisjc@go.com,9.122.208.31
2801,Silwood, Allianora,asilwoodjg@fotki.com,94.70.101.215
2805,Davidovici, Bernadette,bdavidovicijk@uol.com.br,207.193.55.247
2807,Frango, Cahra,cfrangojm@blogspot.com,142.175.215.76
2811,Farfoot, Herminia,hfarfootjq@slate.com,172.249.13.8
2815,Powlett, Maddalena,mpowlettju@auda.org.au,218.41.155.179
2821,Gatty, Peria,pgattyk0@bloglines.com,205.172.142.87
2823,Inde, Abigail,aindek2@fastcompany.com,252.74.177.39
2825,Badcock, Anthe,abadcockk4@arizona.edu,48.101.112.4
2833,Raigatt, Xymenes,xraigattkc@wikimedia.org,14.176.164.0
2837,Wilflinger, Cristie,cwilflingerkg@youtu.be,225.54.160.96
2845,Watling, Marquita,mwatlingko@tinyurl.com,200.40.29.104
2847,Birkin, Cicely,cbirkinkq@a8.net,39.110.197.120
2855,Elland, Jobye,jellandky@noaa.gov,135.122.138.110
2867,Ogilvie, Brier,bogilviela@wsj.com,106.239.49.148
2873,Avrashin, Eadie,eavrashinlg@cmu.edu,203.184.164.72
2877,Gleaves, Phillie,pgleaveslk@cbc.ca,120.179.250.157
2883,Habeshaw, Elfie,ehabeshawlq@ycombinator.com,66.65.207.88
2887,Halse, Legra,lhalselu@techcrunch.com,14.106.122.59
2895,Britton, Luce,lbrittonm2@google.fr,208.84.255.22
2901,Erdely, Kaitlin,kerdelym8@wix.com,137.146.200.22
2911,Grealey, Sherry,sgrealeymi@cafepress.com,151.178.16.185
2913,Schult, Beverly,bschultmk@washingtonpost.com,72.1.60.213
2917,Biskupiak, Orelle,obiskupiakmo@odnoklassniki.ru,123.45.204.18
2919,Snowden, Jenica,jsnowdenmq@jugem.jp,192.54.134.179
2921,Thornton, Hildegaard,hthorntonms@infoseek.co.jp,36.14.6.173
2923,Measom, Les,lmeasommu@google.ru,130.29.72.207
2931,Trime, Elyse,etrimen2@icio.us,78.185.149.121
2935,Eccles, Sloane,secclesn6@abc.net.au,17.191.141.96
2939,Samter, Simmonds,ssamterna@over-blog.com,58.175.70.88
2941,Deeprose, Benny,bdeeprosenc@purevolume.com,208.150.240.78
2943,Merrikin, Melosa,mmerrikinne@reference.com,198.96.114.60
2945,Asty, Leilah,lastyng@wordpress.com,126.174.212.230
2947,Seagood, Jeanne,jseagoodni@soundcloud.com,201.33.140.69
2949,Camden, Nonah,ncamdennk@aboutads.info,97.58.80.152
2951,Thornebarrow, Amalita,athornebarrownm@uiuc.edu,200.184.34.31
2953,Dobbings, Jase,jdobbingsno@jigsy.com,198.126.167.149
2957,Thomerson, Melisande,mthomersonns@dailymotion.com,245.113.157.253
2973,Garrity, Thorn,tgarrityo8@yale.edu,41.205.233.10
2975,Rabjohns, Angela,arabjohnsoa@jimdo.com,191.211.23.232
2977,Varley, Kora,kvarleyoc@123-reg.co.uk,125.112.123.78
2979,Lissaman, Susanetta,slissamanoe@google.it,58.104.60.43
2981,Frostdick, Perry,pfrostdickog@edublogs.org,215.133.0.224
2989,McIlwrath, Anny,amcilwrathoo@mysql.com,41.150.97.109
2991,Horrell, Mordecai,mhorrelloq@auda.org.au,159.23.253.35
2993,Paulig, Peggie,ppauligos@webs.com,71.26.161.33
2997,Siuda, Oliy,osiudaow@ox.ac.uk,67.162.180.198
3009,Riordan, Laural,lriordanp8@baidu.com,250.12.125.126
3017,Tunny, Susi,stunnypg@alexa.com,214.85.112.247
3021,Silbersak, Town,tsilbersakpk@naver.com,138.144.204.78
3025,Hilling, Esther,ehillingpo@dailymotion.com,14.97.231.194
3039,Poundford, Ginnie,gpoundfordq2@upenn.edu,84.160.209.56
3041,Siemons, Jobi,jsiemonsq4@wisc.edu,168.117.138.47
3043,Stebbing, Norrie,nstebbingq6@whitehouse.gov,79.6.172.235
3047,Dine-Hart, Dale,ddinehartqa@nature.com,135.65.91.169
3049,Blandamore, Sheba,sblandamoreqc@apache.org,174.50.148.20
3051,Witherdon, Rochette,rwitherdonqe@google.es,108.111.47.197
3053,Matussov, Prudi,pmatussovqg@eventbrite.com,115.139.175.158
3055,Foffano, Rahel,rfoffanoqi@salon.com,165.236.248.3
3059,Goligly, Claudelle,cgoliglyqm@freewebs.com,119.14.137.233
3061,Leathem, Elisabeth,eleathemqo@reference.com,0.194.22.51
3063,Attenborough, Cary,cattenboroughqq@admin.ch,74.53.70.175
3067,Bramo, Caterina,cbramoqu@shop-pro.jp,30.73.189.111
3069,Weedon, Laurie,lweedonqw@etsy.com,157.31.58.68
3071,Doodney, Cyb,cdoodneyqy@bravesites.com,218.182.94.111
3073,Jenking, Nani,njenkingr0@dot.gov,192.104.185.236
3077,Giraudy, Maddi,mgiraudyr4@npr.org,137.125.70.28
3081,O' Reagan, Leanor,loreaganr8@typepad.com,51.192.108.204
3085,Hugk, Leland,lhugkrc@ucsd.edu,91.14.216.103
3087,Minigo, Maren,mminigore@tripadvisor.com,239.135.49.45
3091,Blagburn, Jodee,jblagburnri@home.pl,130.28.242.191
3093,Batie, Esme,ebatierk@foxnews.com,239.66.215.212
3097,Ottewell, Moss,mottewellro@bing.com,44.241.245.122
3099,Archbald, Ede,earchbaldrq@nymag.com,203.76.167.158
