id,first_name,last_name,email,gender,ip_address
1101,Louis,Readshaw,lreadshaw0@sohu.com,Male,169.109.34.80
1102,Dedra,Verecker,dverecker1@linkedin.com,Female,91.57.210.214
1103,Bord,Pedlow,bpedlow2@booking.com,Male,227.42.123.123
1104,Ced,Sincock,csincock3@a8.net,Male,226.48.7.27
1105,Marthena,Troy,mtroy4@house.gov,Female,148.94.253.58
1106,Jerrold,Glascott,jglascott5@i2i.jp,Male,123.78.19.229
1107,Pamela,Winnett,pwinnett6@patch.com,Female,233.118.24.173
1108,Mickey,Dunn,mdunn7@businesswire.com,Male,189.226.247.122
1109,Mady,Schwander,mschwander8@dell.com,Female,5.1.63.110
1110,Ebony,Tarbath,etarbath9@wired.com,Female,169.247.149.193
1111,Katrine,Heyward,kheywarda@hostgator.com,Female,178.48.180.97
1112,Dulcia,Bellow,dbellowb@shutterfly.com,Female,219.168.219.63
1113,Cinda,Langmead,clangmeadc@wunderground.com,Female,205.148.117.217
1114,Annecorinne,Beames,abeamesd@cam.ac.uk,Female,222.94.37.212
1115,Towney,Beaton,tbeatone@addthis.com,Male,238.154.110.242
1116,Jaynell,Jacop,jjacopf@slideshare.net,Female,100.205.61.159
1117,Humbert,Bustard,hbustardg@bloglovin.com,Male,230.81.19.250
1118,Stephan,Petracchi,spetracchih@washington.edu,Male,158.80.123.113
1119,Genevieve,Nutbeem,gnutbeemi@prnewswire.com,Female,66.142.131.97
1120,Noel,O'Corrin,nocorrinj@ezinearticles.com,Female,221.48.196.134
1121,Jenica,Marchello,jmarchellok@com.com,Female,194.11.63.254
1122,Kristofor,Rhoades,krhoadesl@blog.com,Polygender,251.177.109.238
1123,Bailey,Blayney,bblayneym@sourceforge.net,Male,96.212.163.108
1124,Moises,Farnall,mfarnalln@google.com,Male,46.196.45.55
1125,Corissa,Mc Meekin,cmcmeekino@va.gov,Female,62.161.90.61
1126,Stesha,Bletsoe,sbletsoep@yelp.com,Female,46.144.212.41
1127,Alaric,Mayou,amayouq@vimeo.com,Male,173.2.114.176
1128,Emlyn,Fumagallo,efumagallor@chron.com,Female,45.5.134.30
1129,Wilt,Yandle,wyandles@cpanel.net,Male,148.103.70.83
1130,Ellery,Simenet,esimenett@parallels.com,Male,57.98.51.72
1131,Shirl,Sancto,ssanctou@ebay.co.uk,Non-binary,139.179.4.76
1132,Alford,Parsley,aparsleyv@unblog.fr,Male,187.243.217.80
1133,Stewart,Nunan,snunanw@wp.com,Male,36.160.143.39
1134,Joyce,Elvin,jelvinx@reddit.com,Female,85.188.182.215
1135,Hatty,Gerber,hgerbery@cpanel.net,Female,19.128.133.7
1136,Boniface,Caves,bcavesz@home.pl,Male,169.202.100.107
1137,Renelle,Reynard,rreynard10@jugem.jp,Female,184.223.58.232
1138,Luise,Bartolomeotti,lbartolomeotti11@yellowpages.com,Female,106.21.148.206
1139,Arthur,Bevens,abevens12@deliciousdays.com,Male,103.17.15.60
1140,Alexandra,Diack,adiack13@businessweek.com,Female,80.117.182.77
1141,Myrle,McPhelimey,mmcphelimey14@t-online.de,Female,18.121.126.99
1142,Eada,Curness,ecurness15@census.gov,Female,56.157.123.29
1143,Peggie,Gurge,pgurge16@techcrunch.com,Female,16.99.150.133
1144,Dion,Draye,ddraye17@reuters.com,Female,134.183.175.210
1145,Winnie,Utton,wutton18@wikia.com,Female,246.30.15.161
1146,Skipp,Kubatsch,skubatsch19@mapy.cz,Male,249.5.34.174
1147,Albina,Mouser,amouser1a@ca.gov,Female,134.91.144.148
1148,Cornie,Facer,cfacer1b@statcounter.com,Male,224.139.229.254
1149,Ivar,Gonthard,igonthard1c@usatoday.com,Male,253.113.122.231
1150,Olenka,Culshew,oculshew1d@flavors.me,Female,18.160.115.183
1151,Conney,Ling,cling1e@bloglovin.com,Male,162.217.58.189
1152,Libbie,Scaice,lscaice1f@mail.ru,Female,145.149.205.126
1153,Jami,Vaud,jvaud1g@cargocollective.com,Female,184.151.85.138
1154,Heindrick,Gavagan,hgavagan1h@w3.org,Male,98.94.162.128
1155,Marcelo,Glentworth,mglentworth1i@meetup.com,Male,198.214.253.157
1156,Damian,Jakubovits,djakubovits1j@engadget.com,Male,39.32.50.203
1157,Dagmar,Lardiner,dlardiner1k@springer.com,Female,153.209.161.151
1158,Thaxter,Symington,tsymington1l@youtube.com,Male,82.30.128.140
1159,Cathyleen,Flowers,cflowers1m@hp.com,Female,211.207.191.31
1160,Mei,Water,mwater1n@youtu.be,Polygender,219.182.56.213
1161,Gerrilee,Bartoleyn,gbartoleyn1o@howstuffworks.com,Female,183.48.225.51
1162,Tony,Pritchitt,tpritchitt1p@sakura.ne.jp,Male,37.171.59.38
1163,Justen,Ulyat,julyat1q@hubpages.com,Male,19.121.171.253
1164,Koren,Insworth,kinsworth1r@symantec.com,Female,239.84.164.80
1165,Onofredo,Holdforth,oholdforth1s@wikispaces.com,Male,202.149.230.124
1166,Sadye,Walch,swalch1t@adobe.com,Female,160.249.178.176
1167,Merwin,Gallamore,mgallamore1u@friendfeed.com,Male,126.21.137.97
1168,Maura,Snibson,msnibson1v@europa.eu,Female,150.53.5.191
1169,Robby,Maughan,rmaughan1w@indiatimes.com,Male,220.133.61.192
1170,Fabe,Krinks,fkrinks1x@bloglines.com,Male,90.211.125.85
1171,Bruis,Mayhow,bmayhow1y@fc2.com,Male,72.233.108.169
1172,Tory,Deneve,tdeneve1z@geocities.jp,Genderqueer,0.120.181.134
1173,Muffin,Curlis,mcurlis20@cnn.com,Male,80.223.235.252
1174,Asher,Cater,acater21@shinystat.com,Male,46.175.23.143
1175,Baldwin,Verden,bverden22@huffingtonpost.com,Agender,104.250.226.26
1176,Julita,Ellyatt,jellyatt23@samsung.com,Female,106.71.245.187
1177,Dick,Cruess,dcruess24@cbslocal.com,Male,48.181.19.77
1178,Melinde,O'Gaven,mogaven25@mtv.com,Agender,213.123.199.232
1179,Carey,Mattson,cmattson26@dropbox.com,Male,182.35.89.102
1180,Bunny,Bower,bbower27@sourceforge.net,Female,211.62.97.220
1181,Fredrika,Muckley,fmuckley28@disqus.com,Bigender,157.185.67.195
1182,Max,Tollerton,mtollerton29@instagram.com,Male,144.5.113.15
1183,Seumas,Muzzollo,smuzzollo2a@arizona.edu,Male,151.72.237.162
1184,Claybourne,Crasford,ccrasford2b@paginegialle.it,Male,44.250.236.248
1185,Zara,Bartram,zbartram2c@myspace.com,Female,222.221.64.21
1186,Mirabella,Pethrick,mpethrick2d@apache.org,Polygender,127.7.106.203
1187,Celestia,Debill,cdebill2e@examiner.com,Female,233.40.186.6
1188,Ruthy,Tash,rtash2f@apple.com,Female,203.78.120.43
1189,Elka,Tiler,etiler2g@newyorker.com,Female,104.118.58.58
1190,Vinnie,Voisey,vvoisey2h@techcrunch.com,Male,102.82.216.83
1191,Korie,Shird,kshird2i@cnn.com,Female,71.183.246.111
1192,Salomone,MacMychem,smacmychem2j@cornell.edu,Male,82.255.158.0
1193,Robinet,House,rhouse2k@printfriendly.com,Male,202.162.103.87
1194,Merilyn,Pow,mpow2l@go.com,Female,187.209.12.46
1195,Analise,Frenzel;,afrenzel2m@archive.org,Female,40.181.137.180
1196,Erin,Stainsby,estainsby2n@elegantthemes.com,Female,57.28.178.116
1197,Timmy,Roelofsen,troelofsen2o@huffingtonpost.com,Male,202.22.76.182
1198,Leta,Stears,lstears2p@slideshare.net,Female,89.19.146.61
1199,Hayward,Scoyles,hscoyles2q@psu.edu,Male,146.213.188.0
1200,Lovell,Thornally,lthornally2r@msu.edu,Male,70.119.236.193
1201,Dix,Catlin,dcatlin2s@icq.com,Female,241.142.228.161
1202,George,Zanicchelli,gzanicchelli2t@jugem.jp,Female,134.199.220.76
1203,Selby,Wardington,swardington2u@amazon.co.uk,Male,185.139.200.153
1204,Lindsay,Escolme,lescolme2v@wisc.edu,Male,203.212.184.230
1205,Kris,Ech,kech2w@fc2.com,Male,248.197.104.107
1206,Gilburt,Manwell,gmanwell2x@dedecms.com,Male,236.154.105.238
1207,Jamima,Hanway,jhanway2y@sina.com.cn,Genderfluid,79.214.30.30
1208,Guenevere,Vasyukhin,gvasyukhin2z@nih.gov,Female,227.220.190.137
1209,Quintin,Coulthurst,qcoulthurst30@ebay.com,Male,208.245.32.154
1210,Buiron,McShee,bmcshee31@mlb.com,Male,190.50.126.63
1211,Claudetta,Eversfield,ceversfield32@timesonline.co.uk,Female,19.48.174.141
1212,Pearce,Huburn,phuburn33@networkadvertising.org,Male,125.54.192.5
1213,Selene,Grishankov,sgrishankov34@ask.com,Polygender,158.148.28.53
1214,Neils,Swanson,nswanson35@biblegateway.com,Male,204.191.134.126
1215,Ives,Gilbane,igilbane36@youtu.be,Male,161.148.170.68
1216,Lona,Cogger,lcogger37@google.com.br,Female,108.153.189.36
1217,Marijn,Cotmore,mcotmore38@phoca.cz,Bigender,132.92.128.7
1218,Beryle,McCambridge,bmccambridge39@squidoo.com,Female,15.106.183.120
1219,Benjy,Eva,beva3a@a8.net,Male,131.18.8.201
1220,Rafaela,Eberlein,reberlein3b@google.ca,Female,160.60.138.3
1221,Sandi,Dunsford,sdunsford3c@ebay.co.uk,Female,81.31.130.218
1222,Eziechiele,Meneghelli,emeneghelli3d@ocn.ne.jp,Male,84.213.214.160
1223,Hayley,Camis,hcamis3e@yellowpages.com,Female,148.122.114.100
1224,Archibaldo,Sargint,asargint3f@senate.gov,Male,5.109.99.248
1225,Guillemette,Toulch,gtoulch3g@sciencedaily.com,Female,110.8.226.82
1226,Vivianne,Wolsey,vwolsey3h@is.gd,Female,82.157.77.122
1227,Wit,Loy,wloy3i@macromedia.com,Male,178.200.72.22
1228,Aaron,Thomas,athomas3j@i2i.jp,Polygender,78.140.240.107
1229,Ibrahim,Sneddon,isneddon3k@51.la,Male,94.65.82.67
1230,Em,Cuppleditch,ecuppleditch3l@list-manage.com,Male,0.149.216.239
1231,Miguelita,Roswarn,mroswarn3m@ebay.co.uk,Female,232.7.84.169
1232,Scott,Boddam,sboddam3n@accuweather.com,Male,127.59.75.45
1233,Gaston,Belding,gbelding3o@who.int,Male,238.39.167.37
1234,Hillier,Keyworth,hkeyworth3p@dedecms.com,Male,136.171.98.131
1235,Corbet,Haythornthwaite,chaythornthwaite3q@telegraph.co.uk,Male,163.216.4.67
1236,Gaylene,Leemans,gleemans3r@github.com,Female,117.59.178.161
1237,Fleming,Maystone,fmaystone3s@tuttocitta.it,Male,131.79.211.139
1238,Northrup,Wedgwood,nwedgwood3t@blinklist.com,Male,68.212.75.231
1239,Virginia,Pandie,vpandie3u@psu.edu,Female,45.35.41.243
1240,Niles,Coulling,ncoulling3v@tinyurl.com,Male,215.145.148.95
1241,Mary,Cruft,mcruft3w@google.nl,Female,217.71.115.172
1242,Mallorie,Ward,mward3x@google.ca,Female,31.209.179.46
1243,Joell,Rushmare,jrushmare3y@baidu.com,Female,16.165.228.64
1244,Jean,Eccleston,jeccleston3z@t.co,Male,97.58.14.174
1245,Babb,Sandland,bsandland40@theatlantic.com,Female,215.162.216.121
1246,Francisco,Heighton,fheighton41@mail.ru,Bigender,164.111.226.121
1247,Clerissa,Skocroft,cskocroft42@cyberchimps.com,Female,197.19.82.57
1248,Ilyse,Greeveson,igreeveson43@tmall.com,Genderfluid,1.191.155.90
1249,Griswold,Maggi,gmaggi44@cbc.ca,Male,45.153.254.127
1250,Alonso,Kingswoode,akingswoode45@ezinearticles.com,Male,244.253.63.227
1251,Sharon,Walesa,swalesa46@ocn.ne.jp,Female,81.255.196.45
1252,Andrej,Houndson,ahoundson47@trellian.com,Male,254.150.124.121
1253,Tabbie,Nealon,tnealon48@zimbio.com,Male,110.132.109.73
1254,Ainslee,Grunnill,agrunnill49@yellowpages.com,Female,94.99.90.126
1255,Bobina,Shatliff,bshatliff4a@nasa.gov,Female,50.125.146.213
1256,Cristabel,Gallard,cgallard4b@squidoo.com,Female,238.115.66.10
1257,Petronia,Spillane,pspillane4c@cdbaby.com,Female,137.25.172.95
1258,Oswald,Gourdon,ogourdon4d@mlb.com,Male,255.102.160.143
1259,Allyson,Andri,aandri4e@networkadvertising.org,Female,15.246.110.152
1260,Stormi,Kinvig,skinvig4f@cornell.edu,Female,159.1.0.230
1261,Donnamarie,Ashpole,dashpole4g@netlog.com,Female,205.87.51.129
1262,Coralie,Clemmensen,cclemmensen4h@topsy.com,Female,250.176.15.135
1263,Lucais,Northall,lnorthall4i@mtv.com,Male,32.10.15.215
1264,Katuscha,Latter,klatter4j@nydailynews.com,Female,206.66.40.205
1265,Carma,Vasile,cvasile4k@histats.com,Female,27.206.195.4
1266,Helena,Habbijam,hhabbijam4l@rambler.ru,Female,92.1.145.205
1267,Esme,Barbour,ebarbour4m@elegantthemes.com,Genderqueer,179.190.168.162
1268,Drusi,Phythien,dphythien4n@sfgate.com,Female,106.94.55.62
1269,Tucker,Oliver-Paull,toliverpaull4o@cornell.edu,Male,85.230.25.16
1270,Jeth,Luquet,jluquet4p@patch.com,Male,227.155.164.178
1271,Harrison,Ridolfo,hridolfo4q@wix.com,Male,250.94.129.106
1272,Wilie,Liles,wliles4r@arstechnica.com,Female,132.110.95.222
1273,Adelice,Fishe,afishe4s@amazonaws.com,Female,222.102.164.248
1274,Lena,Wilcot,lwilcot4t@cocolog-nifty.com,Female,80.129.221.22
1275,Shanda,Yewdell,syewdell4u@jugem.jp,Female,82.66.6.110
1276,Noel,Birley,nbirley4v@miitbeian.gov.cn,Male,209.13.96.194
1277,Aubert,Speenden,aspeenden4w@senate.gov,Male,242.142.241.144
1278,Cristabel,Sunnucks,csunnucks4x@seesaa.net,Female,105.202.137.184
1279,Queenie,Lourens,qlourens4y@washington.edu,Polygender,82.215.78.135
1280,Valle,Oldnall,voldnall4z@livejournal.com,Male,217.253.104.127
1281,Claiborn,Renols,crenols50@narod.ru,Male,195.10.222.183
1282,Torin,Knight,tknight51@army.mil,Male,4.70.70.78
1283,Elliot,Lyttle,elyttle52@t.co,Polygender,65.91.64.83
1284,Othello,Carff,ocarff53@jalbum.net,Male,144.157.128.252
1285,Joice,Ithell,jithell54@wikia.com,Female,19.85.232.43
1286,Davie,Yarnley,dyarnley55@chron.com,Male,121.24.125.210
1287,Gregorio,Sparshutt,gsparshutt56@patch.com,Genderfluid,48.25.128.82
1288,Barrie,Maharry,bmaharry57@newsvine.com,Female,254.1.41.222
1289,Arlena,Munroe,amunroe58@cpanel.net,Female,94.129.193.89
1290,Cristian,Pirot,cpirot59@cdc.gov,Male,116.198.202.12
1291,Garald,Janeczek,gjaneczek5a@nationalgeographic.com,Male,57.72.73.1
1292,Gilberta,Lytell,glytell5b@cbsnews.com,Female,144.230.123.168
1293,Moira,Bussey,mbussey5c@gov.uk,Female,12.208.243.49
1294,Nikolas,Iacomo,niacomo5d@linkedin.com,Male,61.78.4.83
1295,Joy,Weatherall,jweatherall5e@photobucket.com,Female,96.117.157.17
1296,Prisca,Weedall,pweedall5f@multiply.com,Female,21.73.24.105
1297,Jammal,Reisk,jreisk5g@tinypic.com,Male,53.111.67.161
1298,Binny,Scullion,bscullion5h@hao123.com,Female,126.36.22.139
1299,Clint,Diehn,cdiehn5i@flavors.me,Male,64.0.192.107
1300,Gene,Bradie,gbradie5j@photobucket.com,Female,57.64.138.175
1301,Lodovico,Lambell,llambell5k@github.com,Male,169.103.165.149
1302,Clarance,Lorenzin,clorenzin5l@nymag.com,Male,106.188.83.48
1303,Ethelda,Mathivat,emathivat5m@4shared.com,Female,87.116.179.250
1304,Shaw,Staddom,sstaddom5n@google.co.jp,Male,206.190.170.159
1305,Dayle,Beatty,dbeatty5o@pcworld.com,Female,232.72.230.226
1306,Rodrique,Dudney,rdudney5p@myspace.com,Male,238.220.120.97
1307,Hannah,Saiger,hsaiger5q@time.com,Female,197.217.43.117
1308,Carey,Tester,ctester5r@biglobe.ne.jp,Non-binary,114.246.190.32
1309,Edgar,Strangeways,estrangeways5s@netscape.com,Male,172.11.125.245
1310,Melonie,Hendin,mhendin5t@sciencedaily.com,Female,101.19.107.163
1311,Rebecka,Benardeau,rbenardeau5u@smh.com.au,Female,2.79.245.180
1312,Dre,Webb,dwebb5v@1und1.de,Female,45.37.217.90
1313,Gaynor,Kilian,gkilian5w@ovh.net,Female,28.3.86.133
1314,Kym,Sonner,ksonner5x@phoca.cz,Female,246.56.244.1
1315,Devonne,Bortolutti,dbortolutti5y@constantcontact.com,Female,242.138.70.95
1316,Ax,Samuel,asamuel5z@adobe.com,Male,7.175.16.252
1317,Ethelyn,Jandac,ejandac60@wunderground.com,Female,11.247.62.87
1318,Clo,Caillou,ccaillou61@seesaa.net,Female,207.165.59.208
1319,Dalt,Gatehouse,dgatehouse62@apple.com,Genderfluid,242.40.78.251
1320,Patrizia,Veryard,pveryard63@booking.com,Female,113.152.7.116
1321,Nerita,Fominov,nfominov64@bloglovin.com,Female,47.40.176.43
1322,Cortney,Worsham,cworsham65@t-online.de,Female,65.120.193.153
1323,Aldwin,Tyzack,atyzack66@github.com,Male,30.215.92.160
1324,Harwilll,Sapena,hsapena67@networkadvertising.org,Male,131.149.139.54
1325,Paula,Hawke,phawke68@feedburner.com,Female,173.192.175.254
1326,Gerome,Loxdale,gloxdale69@amazon.de,Male,51.164.42.133
1327,Nadiya,Greaves,ngreaves6a@state.tx.us,Female,87.198.137.233
1328,Dorree,Overstone,doverstone6b@newsvine.com,Female,61.32.149.18
1329,Conrado,Sisselot,csisselot6c@e-recht24.de,Male,136.3.87.128
1330,Nisse,Pabst,npabst6d@amazonaws.com,Female,133.64.98.140
1331,Hunfredo,Leathlay,hleathlay6e@independent.co.uk,Male,44.210.236.210
1332,Reuben,Fergie,rfergie6f@sbwire.com,Male,190.90.38.43
1333,Cristine,Bigadike,cbigadike6g@last.fm,Female,34.84.54.71
1334,Jarrod,Daouse,jdaouse6h@mapquest.com,Male,212.4.27.233
1335,Arlene,Seamon,aseamon6i@msn.com,Female,122.29.233.204
1336,Dosi,Rodger,drodger6j@theglobeandmail.com,Female,0.54.208.85
1337,Ofelia,Lineker,olineker6k@fastcompany.com,Female,44.17.41.147
1338,Nerita,Jeenes,njeenes6l@nyu.edu,Polygender,45.239.98.87
1339,Esteban,Beards,ebeards6m@ocn.ne.jp,Male,181.30.136.179
1340,Devondra,Fesby,dfesby6n@liveinternet.ru,Female,10.216.208.173
1341,Laney,Barltrop,lbarltrop6o@salon.com,Male,240.122.44.32
1342,Ashby,Cheeseman,acheeseman6p@indiatimes.com,Male,92.45.81.101
1343,Dru,Hess,dhess6q@cloudflare.com,Male,253.210.50.244
1344,Wendel,Pedrollo,wpedrollo6r@unicef.org,Male,96.189.240.98
1345,Damian,Grice,dgrice6s@fotki.com,Male,105.18.123.59
1346,Robert,Sundin,rsundin6t@biblegateway.com,Male,250.149.171.112
1347,Cariotta,Askew,caskew6u@virginia.edu,Female,111.238.36.59
1348,Lemuel,Sandeman,lsandeman6v@cnbc.com,Male,72.8.1.149
1349,Thatcher,Lowrie,tlowrie6w@wiley.com,Male,71.184.237.16
1350,Drucy,Stogill,dstogill6x@msn.com,Genderqueer,52.5.123.58
1351,Elvin,Pitsall,epitsall6y@odnoklassniki.ru,Male,168.191.71.61
1352,Charline,Orwin,corwin6z@un.org,Female,112.22.170.5
1353,Marcos,Fargie,mfargie70@unblog.fr,Male,5.202.39.52
1354,Kailey,Dimbylow,kdimbylow71@spiegel.de,Female,222.46.122.163
1355,Nadean,Chaffin,nchaffin72@businesswire.com,Female,73.140.137.195
1356,Tulley,Merrison,tmerrison73@rambler.ru,Bigender,105.244.0.86
1357,Lucilia,Garrud,lgarrud74@cbc.ca,Female,122.11.203.241
1358,Dona,Bravery,dbravery75@plala.or.jp,Female,85.66.20.88
1359,Franz,Swinfon,fswinfon76@cnbc.com,Male,87.2.157.141
1360,Addi,Marnane,amarnane77@ed.gov,Female,137.60.170.184
1361,Earle,Debney,edebney78@clickbank.net,Male,37.114.56.8
1362,Odella,Ludford,oludford79@imdb.com,Female,155.160.85.73
1363,Esteban,Winterflood,ewinterflood7a@jiathis.com,Male,83.131.19.244
1364,Aliza,Olivia,aolivia7b@163.com,Female,222.153.240.19
1365,Ibby,Tointon,itointon7c@smh.com.au,Female,47.48.193.69
1366,Nadean,Capaldo,ncapaldo7d@jimdo.com,Female,204.81.171.78
1367,Channa,Duthy,cduthy7e@odnoklassniki.ru,Female,56.145.218.69
1368,Aurora,Strange,astrange7f@php.net,Genderqueer,211.119.130.248
1369,Vevay,Carrivick,vcarrivick7g@simplemachines.org,Female,29.107.101.39
1370,Iormina,Luckie,iluckie7h@msu.edu,Female,190.243.61.238
1371,Cicely,Saxton,csaxton7i@blogger.com,Female,1.189.224.183
1372,Gianna,Drane,gdrane7j@amazon.de,Female,37.135.147.23
1373,Juana,Lonsdale,jlonsdale7k@furl.net,Female,130.82.253.193
1374,Sigvard,Farfull,sfarfull7l@biglobe.ne.jp,Male,182.68.108.127
1375,Ronald,Gibb,rgibb7m@eventbrite.com,Genderqueer,49.203.143.233
1376,Gale,Blinder,gblinder7n@nasa.gov,Female,90.205.246.162
1377,Alastair,Domeny,adomeny7o@netlog.com,Male,165.34.40.225
1378,Myrvyn,Conor,mconor7p@dot.gov,Male,93.239.29.93
1379,Zsa zsa,Fayerbrother,zfayerbrother7q@google.cn,Female,47.189.215.185
1380,Gib,Arndt,garndt7r@google.cn,Male,164.90.161.139
1381,Fairleigh,Barrie,fbarrie7s@geocities.jp,Male,179.180.7.193
1382,Maiga,Newburn,mnewburn7t@live.com,Female,215.2.92.27
1383,Harriet,Marusyak,hmarusyak7u@fastcompany.com,Female,169.13.35.198
1384,Egbert,Claessens,eclaessens7v@fastcompany.com,Polygender,197.146.9.73
1385,Cornelia,Buncombe,cbuncombe7w@moonfruit.com,Female,115.59.130.22
1386,Estele,Smallcombe,esmallcombe7x@photobucket.com,Female,71.4.134.37
1387,Oran,Ferson,oferson7y@unblog.fr,Bigender,100.222.173.34
1388,Toddy,Quaif,tquaif7z@mediafire.com,Male,181.168.89.215
1389,Eric,Collet,ecollet80@a8.net,Male,248.243.11.33
1390,Krispin,Denyagin,kdenyagin81@yelp.com,Male,198.128.44.244
1391,Bari,Toderbrugge,btoderbrugge82@last.fm,Female,31.128.138.158
1392,Abdel,Jachimczak,ajachimczak83@bizjournals.com,Male,10.161.169.215
1393,Davy,Lanphier,dlanphier84@skype.com,Male,184.123.73.55
1394,Ancell,Dennett,adennett85@hubpages.com,Male,185.237.148.56
1395,Morlee,Vayro,mvayro86@ebay.com,Male,170.100.18.134
1396,Tasha,Anten,tanten87@cocolog-nifty.com,Female,214.82.96.104
1397,Nicolette,Brizell,nbrizell88@biblegateway.com,Female,232.112.50.106
1398,Meryl,Clemetts,mclemetts89@devhub.com,Male,223.153.228.67
1399,Garvy,Paulsen,gpaulsen8a@deviantart.com,Male,183.243.248.182
1400,Jessalin,Prosch,jprosch8b@tiny.cc,Polygender,55.144.213.183
1401,Corene,Groucutt,cgroucutt8c@fotki.com,Female,244.253.211.30
1402,Franky,Pennell,fpennell8d@theguardian.com,Agender,53.14.126.158
1403,Hodge,Antonias,hantonias8e@skyrock.com,Male,214.85.226.104
1404,Mireille,Hansbury,mhansbury8f@ftc.gov,Female,11.126.28.85
1405,Valentine,Grzeszczak,vgrzeszczak8g@blogtalkradio.com,Male,210.104.195.108
1406,Hervey,Wakely,hwakely8h@webmd.com,Male,250.187.204.37
1407,Brunhilda,LAbbet,blabbet8i@bigcartel.com,Female,59.79.69.1
1408,Cindi,Guillotin,cguillotin8j@ifeng.com,Female,217.207.19.191
1409,Zandra,Petersen,zpetersen8k@yelp.com,Female,118.204.25.232
1410,Daffi,Nutbrown,dnutbrown8l@xing.com,Female,247.155.61.3
1411,Cissiee,Biddy,cbiddy8m@opera.com,Female,26.173.77.6
1412,Ravid,Birdall,rbirdall8n@a8.net,Male,67.109.255.187
1413,Hayley,Cluet,hcluet8o@issuu.com,Female,207.97.95.92
1414,Jacklin,Bockmaster,jbockmaster8p@123-reg.co.uk,Female,70.67.198.53
1415,Emmerich,Airey,eairey8q@wiley.com,Male,121.118.197.170
1416,Forrester,Camelli,fcamelli8r@boston.com,Male,0.139.138.70
1417,Conan,McSweeney,cmcsweeney8s@chronoengine.com,Male,90.181.132.19
1418,Eileen,Dani,edani8t@instagram.com,Female,10.82.129.25
1419,Weston,Gibling,wgibling8u@telegraph.co.uk,Male,27.33.8.101
1420,Silvan,Waugh,swaugh8v@icq.com,Bigender,15.93.58.124
1421,Dacie,Izzard,dizzard8w@google.ca,Genderqueer,30.98.56.163
1422,Lynda,Lawlance,llawlance8x@omniture.com,Female,211.0.97.36
1423,Gardner,Bittleson,gbittleson8y@adobe.com,Male,197.109.183.247
1424,Ludvig,Ghion,lghion8z@github.io,Male,197.172.178.40
1425,Carla,felip,cfelip90@apple.com,Genderfluid,19.26.69.198
1426,Coleman,Aldrick,caldrick91@odnoklassniki.ru,Male,173.39.235.71
1427,Gonzales,Rosbotham,grosbotham92@mtv.com,Male,19.255.131.41
1428,Jonas,Lazarus,jlazarus93@trellian.com,Male,98.124.151.251
1429,Aggy,Redgate,aredgate94@dot.gov,Agender,92.23.111.236
1430,Colas,Busen,cbusen95@ox.ac.uk,Male,159.215.27.41
1431,Lisle,Riddoch,lriddoch96@mozilla.org,Male,155.80.117.51
1432,Calley,Swindlehurst,cswindlehurst97@mediafire.com,Female,50.5.55.62
1433,Eldredge,Beaushaw,ebeaushaw98@skype.com,Male,158.56.68.87
1434,Redford,Payley,rpayley99@bloomberg.com,Male,204.138.103.91
1435,Waldon,Dive,wdive9a@trellian.com,Male,89.21.110.130
1436,Minta,Combe,mcombe9b@pagesperso-orange.fr,Female,254.141.203.12
1437,Amanda,Moston,amoston9c@dyndns.org,Female,220.161.177.121
1438,Skipton,Thomson,sthomson9d@utexas.edu,Male,27.83.209.106
1439,Pammi,Benbow,pbenbow9e@webs.com,Female,195.131.243.223
1440,Emmey,Gladdis,egladdis9f@elpais.com,Polygender,1.146.253.253
1441,Bruis,Tweedell,btweedell9g@elegantthemes.com,Male,98.105.185.182
1442,Karlotta,Greenleaf,kgreenleaf9h@umn.edu,Female,237.30.255.209
1443,Monro,Lamyman,mlamyman9i@a8.net,Male,22.71.25.102
1444,Twyla,Fasey,tfasey9j@privacy.gov.au,Female,53.214.240.194
1445,Jacquenetta,Greedier,jgreedier9k@fastcompany.com,Polygender,224.252.147.43
1446,Zaneta,Gravie,zgravie9l@lycos.com,Female,106.9.223.83
1447,Georgetta,Goldman,ggoldman9m@usnews.com,Female,227.174.145.44
1448,Kitti,O'Bradane,kobradane9n@infoseek.co.jp,Female,252.0.56.178
1449,Cordie,Casetti,ccasetti9o@utexas.edu,Male,134.86.215.104
1450,Lorettalorna,Debold,ldebold9p@163.com,Female,157.16.78.155
1451,Alaster,Kiehl,akiehl9q@jiathis.com,Male,73.204.178.209
1452,Barnebas,Lunbech,blunbech9r@epa.gov,Male,3.113.84.5
1453,Carmine,Crosen,ccrosen9s@who.int,Male,177.197.97.80
1454,Marian,Dobbie,mdobbie9t@macromedia.com,Female,196.205.48.162
1455,Colman,Kalisz,ckalisz9u@mayoclinic.com,Male,89.93.139.198
1456,Adela,Burgoine,aburgoine9v@photobucket.com,Female,79.230.203.255
1457,Parnell,Collier,pcollier9w@istockphoto.com,Male,159.190.124.158
1458,Adrian,Sarle,asarle9x@icio.us,Female,6.211.112.60
1459,Win,Hollyar,whollyar9y@tumblr.com,Male,170.112.128.233
1460,Chris,Demeter,cdemeter9z@auda.org.au,Male,209.192.248.28
1461,Jan,Yorkston,jyorkstona0@tamu.edu,Male,252.39.93.89
1462,Hedi,Lygoe,hlygoea1@tinyurl.com,Female,128.177.239.91
1463,Jeff,Brunger,jbrungera2@aboutads.info,Male,162.117.4.84
1464,Basia,Dannel,bdannela3@cdc.gov,Agender,109.161.50.218
1465,Faustina,Sharp,fsharpa4@youtube.com,Female,227.27.120.166
1466,Nollie,Andrivel,nandrivela5@columbia.edu,Male,26.63.137.130
1467,Phillipe,Sein,pseina6@kickstarter.com,Male,38.235.29.202
1468,Lexi,Hursthouse,lhursthousea7@sbwire.com,Bigender,124.104.108.213
1469,Sherrie,Royall,sroyalla8@gravatar.com,Polygender,145.158.65.102
1470,Paige,Swendell,pswendella9@odnoklassniki.ru,Bigender,201.41.231.171
1471,Priscilla,MacDowall,pmacdowallaa@google.de,Non-binary,103.34.206.173
1472,Mignon,Itzkovwich,mitzkovwichab@skype.com,Female,191.116.7.0
1473,Pierrette,Twaite,ptwaiteac@ft.com,Female,50.237.83.169
1474,Arv,Copeman,acopemanad@seattletimes.com,Polygender,115.206.191.117
1475,Fania,Rameau,frameauae@fotki.com,Female,54.165.214.220
1476,Deborah,Gruszecki,dgruszeckiaf@weather.com,Female,73.79.220.217
1477,Kylen,Pieper,kpieperag@mashable.com,Female,109.62.111.75
1478,Ringo,Costley,rcostleyah@gmpg.org,Male,46.40.51.153
1479,Tamqrah,Glowach,tglowachai@ted.com,Female,175.155.188.124
1480,Ward,Corking,wcorkingaj@a8.net,Male,214.19.71.151
1481,Buiron,Tenpenny,btenpennyak@prlog.org,Male,249.247.91.111
1482,Rollie,Heyburn,rheyburnal@eventbrite.com,Male,151.173.181.220
1483,Doralynn,Pimmocke,dpimmockeam@reuters.com,Female,177.200.230.141
1484,Edeline,Hillborne,ehillbornean@wired.com,Female,156.204.84.126
1485,Dennet,Legh,dleghao@netlog.com,Male,142.139.111.178
1486,Britt,Roylance,broylanceap@princeton.edu,Female,214.231.159.219
1487,Neils,Lipgens,nlipgensaq@psu.edu,Male,48.11.51.122
1488,Britteny,Downer,bdownerar@un.org,Female,146.20.195.111
1489,Melisa,Britch,mbritchas@meetup.com,Female,51.230.121.66
1490,Jo,Skelly,jskellyat@earthlink.net,Male,220.2.249.147
1491,Bear,Tayt,btaytau@noaa.gov,Non-binary,189.18.151.28
1492,Neill,Crevy,ncrevyav@umn.edu,Male,110.253.217.168
1493,Suzie,Braidford,sbraidfordaw@bloglovin.com,Female,114.94.225.95
1494,Sig,Fitchew,sfitchewax@umn.edu,Male,34.219.196.187
1495,Meryl,Balden,mbaldenay@mozilla.com,Male,69.142.161.42
1496,Barri,Henderson,bhendersonaz@businessinsider.com,Male,130.198.225.93
1497,Fair,Dibbin,fdibbinb0@ow.ly,Male,34.122.37.21
1498,Dixie,Whalebelly,dwhalebellyb1@reverbnation.com,Non-binary,86.126.51.103
1499,Jo,Ramlot,jramlotb2@fda.gov,Female,235.36.242.80
1500,Pete,Norcock,pnorcockb3@sohu.com,Male,34.67.86.168
1501,Lorelei,Hort,lhortb4@earthlink.net,Female,172.33.147.64
1502,Kerk,Quene,kqueneb5@rakuten.co.jp,Male,255.64.112.42
1503,Marcelline,Clewes,mclewesb6@nytimes.com,Genderfluid,100.137.11.219
1504,Emilia,Barthrup,ebarthrupb7@ebay.co.uk,Female,103.1.234.6
1505,Mattias,Kidney,mkidneyb8@opensource.org,Male,183.145.222.213
1506,Ashley,Donalson,adonalsonb9@163.com,Male,162.220.203.122
1507,Malia,Somerton,msomertonba@desdev.cn,Female,91.108.45.170
1508,Ashlan,Sherratt,asherrattbb@ftc.gov,Female,253.101.20.198
1509,Wakefield,Grahl,wgrahlbc@statcounter.com,Non-binary,155.230.195.167
1510,Heddi,Ambrogi,hambrogibd@about.me,Female,51.211.179.45
1511,Coleen,Entres,centresbe@vk.com,Female,188.248.0.98
1512,Syman,Gallon,sgallonbf@dmoz.org,Male,205.181.170.34
1513,Judie,Pauley,jpauleybg@4shared.com,Female,228.234.21.99
1514,Florri,Shone,fshonebh@slate.com,Female,182.28.140.139
1515,Charmion,Canadas,ccanadasbi@mtv.com,Female,69.228.39.237
1516,Lonni,Klemensiewicz,lklemensiewiczbj@livejournal.com,Female,10.156.174.210
1517,Obidiah,Malzard,omalzardbk@zimbio.com,Male,97.206.193.114
1518,Aurie,Hamnett,ahamnettbl@google.es,Female,73.56.0.35
1519,Aleda,Laurenceau,alaurenceaubm@geocities.com,Female,177.188.53.25
1520,Andeee,Rubenchik,arubenchikbn@skyrock.com,Female,49.27.57.142
1521,Hasheem,Vernham,hvernhambo@sourceforge.net,Male,186.31.142.99
1522,Vernice,McJerrow,vmcjerrowbp@biglobe.ne.jp,Female,5.118.108.240
1523,Obidiah,Lody,olodybq@a8.net,Male,156.122.179.158
1524,Rafa,Moden,rmodenbr@reuters.com,Female,25.247.135.73
1525,Heda,Dreelan,hdreelanbs@photobucket.com,Female,63.252.18.156
1526,Regine,Eye,reyebt@census.gov,Female,166.107.49.71
1527,Jammie,Yurlov,jyurlovbu@sbwire.com,Female,203.52.136.188
1528,Pierce,Barnewille,pbarnewillebv@infoseek.co.jp,Male,141.91.59.66
1529,Taddeo,Boone,tboonebw@pcworld.com,Male,154.98.163.134
1530,Mimi,Hargerie,mhargeriebx@123-reg.co.uk,Female,53.64.201.79
1531,Mace,Novotna,mnovotnaby@yale.edu,Male,55.70.82.141
1532,Ericka,Ickovici,eickovicibz@geocities.com,Female,214.73.231.2
1533,Tann,Ashbrook,tashbrookc0@cisco.com,Male,199.14.91.169
1534,Jocelin,Laurisch,jlaurischc1@digg.com,Female,210.171.108.21
1535,Dodi,Wrack,dwrackc2@epa.gov,Female,229.43.66.139
1536,Cassy,Cobleigh,ccobleighc3@devhub.com,Female,60.105.234.176
1537,Velma,McKernan,vmckernanc4@nih.gov,Female,145.28.218.191
1538,Verney,Tatterton,vtattertonc5@studiopress.com,Male,13.92.73.66
1539,Jacinda,Stathor,jstathorc6@xinhuanet.com,Female,138.255.158.217
1540,Jobyna,Brunke,jbrunkec7@hatena.ne.jp,Female,76.86.180.77
1541,Philly,Hourican,phouricanc8@multiply.com,Female,132.204.133.221
1542,Wyatt,Gimson,wgimsonc9@globo.com,Male,219.118.116.230
1543,Hayyim,Brittian,hbrittianca@pbs.org,Male,208.65.213.12
1544,Merrel,Rue,mruecb@ebay.co.uk,Male,180.78.24.139
1545,Philomena,Filchakov,pfilchakovcc@meetup.com,Female,75.185.51.88
1546,Carmencita,Rowlson,crowlsoncd@house.gov,Female,109.76.128.205
1547,Kinsley,Todarello,ktodarelloce@vinaora.com,Male,64.157.159.208
1548,Felicio,Gavrielly,fgavriellycf@gnu.org,Male,221.144.39.65
1549,Bart,Huggett,bhuggettcg@google.com.hk,Male,37.87.179.77
1550,Gabe,Jurczak,gjurczakch@wisc.edu,Male,186.143.116.233
1551,Van,Hasnney,vhasnneyci@amazon.co.uk,Genderfluid,131.45.51.96
1552,Pierette,Chippindale,pchippindalecj@smugmug.com,Female,201.205.195.67
1553,Galina,Fantini,gfantinick@cmu.edu,Female,170.158.214.241
1554,Rafaellle,Organ,rorgancl@printfriendly.com,Male,82.65.142.114
1555,Kristyn,Haysey,khayseycm@360.cn,Female,198.103.38.240
1556,Birdie,Labitt,blabittcn@wired.com,Female,76.208.157.184
1557,Gabe,Bratton,gbrattonco@google.com.br,Male,20.158.134.94
1558,Yorker,Hearst,yhearstcp@epa.gov,Male,194.104.255.97
1559,Randene,Dursley,rdursleycq@umich.edu,Female,160.84.3.83
1560,Georgia,Ivory,givorycr@mlb.com,Female,130.82.9.24
1561,Milissent,Normanville,mnormanvillecs@mozilla.com,Female,65.44.249.199
1562,Kellina,Cornhill,kcornhillct@fda.gov,Non-binary,110.246.248.204
1563,Gilberte,Pues,gpuescu@friendfeed.com,Female,41.50.102.39
1564,Moritz,Furber,mfurbercv@constantcontact.com,Male,6.55.203.252
1565,Kirbee,Childes,kchildescw@cnbc.com,Female,136.98.41.112
1566,Bernetta,Stelljes,bstelljescx@tmall.com,Female,104.16.143.54
1567,Dannel,Creaven,dcreavency@wikispaces.com,Agender,85.32.55.44
1568,Griffith,Raithbie,graithbiecz@moonfruit.com,Male,147.109.121.1
1569,Juieta,Liffey,jliffeyd0@stanford.edu,Female,30.59.187.189
1570,Ashlen,Scorey,ascoreyd1@privacy.gov.au,Female,84.168.18.179
1571,Korie,Greenless,kgreenlessd2@pinterest.com,Female,68.163.95.178
1572,Raven,Halm,rhalmd3@google.ca,Female,216.197.32.159
1573,Tess,Creavin,tcreavind4@ftc.gov,Female,158.129.226.167
1574,Amelina,Doddrell,adoddrelld5@github.io,Female,198.230.208.214
1575,Jamesy,Waltho,jwalthod6@soup.io,Bigender,94.124.44.69
1576,Dinnie,Sokale,dsokaled7@pinterest.com,Female,41.118.216.22
1577,Reynard,Akroyd,rakroydd8@indiegogo.com,Male,203.149.91.19
1578,Karlan,Liell,klielld9@msn.com,Male,91.9.178.152
1579,Abran,Redding,areddingda@ucoz.ru,Male,0.17.169.100
1580,Valdemar,Lamartine,vlamartinedb@nhs.uk,Male,58.166.183.207
1581,Viola,Sedger,vsedgerdc@tumblr.com,Female,239.36.195.247
1582,Jed,Harbinson,jharbinsondd@networkadvertising.org,Male,177.251.44.139
1583,Kaine,Assard,kassardde@blinklist.com,Male,156.236.224.69
1584,Lizzy,Petrecz,lpetreczdf@myspace.com,Female,126.32.3.231
1585,Jervis,Dannel,jdanneldg@dyndns.org,Male,63.101.157.138
1586,Ettie,Ledekker,eledekkerdh@issuu.com,Female,203.20.58.33
1587,Elwyn,Fryett,efryettdi@free.fr,Male,108.79.20.223
1588,Kylen,Smitherman,ksmithermandj@t-online.de,Female,254.240.165.225
1589,Sheila,Zeplin,szeplindk@vistaprint.com,Female,204.37.104.193
1590,Isa,Skivington,iskivingtondl@mozilla.org,Agender,117.138.57.80
1591,Ardeen,Allman,aallmandm@nymag.com,Female,61.245.65.88
1592,Bowie,Felten,bfeltendn@mac.com,Male,133.251.197.243
1593,Dorine,Gryglewski,dgryglewskido@ihg.com,Female,165.122.41.45
1594,Cy,Mattosoff,cmattosoffdp@unicef.org,Male,19.70.90.253
1595,Wyatt,Treleven,wtrelevendq@mozilla.org,Male,25.214.216.31
1596,Lyndel,Donnellan,ldonnellandr@latimes.com,Female,106.213.174.214
1597,Zonnya,McRamsey,zmcramseyds@domainmarket.com,Female,191.92.107.179
1598,Philippine,Nadin,pnadindt@ycombinator.com,Female,216.100.248.244
1599,Flynn,Lyard,flyarddu@hp.com,Bigender,37.180.64.191
1600,Dynah,Dodman,ddodmandv@forbes.com,Female,187.156.68.93
1601,Mignon,Skacel,mskaceldw@infoseek.co.jp,Female,213.171.193.174
1602,Fredrika,Colleford,fcolleforddx@nationalgeographic.com,Female,126.154.164.110
1603,Deena,Megainey,dmegaineydy@cisco.com,Female,88.95.78.116
1604,Dallis,Nortunen,dnortunendz@abc.net.au,Male,121.60.180.199
1605,Kerrie,Melanaphy,kmelanaphye0@google.com.au,Female,28.9.4.62
1606,Izzy,Bartlett,ibartlette1@nih.gov,Male,8.236.56.106
1607,Winny,Conor,wconore2@cmu.edu,Bigender,216.151.86.180
1608,Kermy,Eyam,keyame3@symantec.com,Male,4.7.207.122
1609,Cornela,Ceschelli,cceschellie4@cbsnews.com,Female,53.86.136.239
1610,Koral,Mathonnet,kmathonnete5@gov.uk,Female,79.97.88.180
1611,Ruby,Coogan,rcoogane6@rakuten.co.jp,Female,114.92.149.31
1612,Nissa,Mottini,nmottinie7@is.gd,Agender,216.177.14.2
1613,Clementia,Wareing,cwareinge8@earthlink.net,Female,216.184.75.196
1614,Jobyna,Elcoate,jelcoatee9@shinystat.com,Female,85.123.208.219
1615,Ange,Hawse,ahawseea@discovery.com,Male,20.243.211.242
1616,Fianna,Dilleston,fdillestoneb@smugmug.com,Female,29.34.49.241
1617,Carlota,Cressor,ccressorec@slashdot.org,Female,252.180.33.104
1618,Foss,Barenskie,fbarenskieed@livejournal.com,Male,247.12.52.132
1619,Brand,Kraft,bkraftee@si.edu,Male,248.24.43.128
1620,Sauveur,Bensley,sbensleyef@mapy.cz,Male,41.100.78.92
1621,Rodrique,Signorelli,rsignorellieg@wufoo.com,Male,231.4.87.219
1622,Shandee,Chatten,schatteneh@nasa.gov,Female,223.145.201.218
1623,Shaun,Bubbings,sbubbingsei@nbcnews.com,Female,176.46.252.103
1624,Page,Turl,pturlej@gnu.org,Female,117.207.221.77
1625,Romonda,Janse,rjanseek@nasa.gov,Female,94.229.236.37
1626,Emmey,Prazer,eprazerel@redcross.org,Polygender,32.113.25.218
1627,Engelbert,Nares,enaresem@webnode.com,Agender,97.102.157.37
1628,Livvy,Dachs,ldachsen@kickstarter.com,Female,80.71.162.115
1629,Gilles,McArthur,gmcarthureo@hugedomains.com,Male,48.192.214.240
1630,Reena,Simpkin,rsimpkinep@youtu.be,Female,145.128.68.112
1631,Ellwood,Mattersey,ematterseyeq@yolasite.com,Male,246.184.181.214
1632,Ruthy,Aldham,raldhamer@usnews.com,Female,252.108.241.204
1633,Washington,McCaffery,wmccafferyes@yellowbook.com,Male,223.115.173.207
1634,Mischa,Hearn,mhearnet@smugmug.com,Male,167.26.253.84
1635,Barrett,Temple,btempleeu@free.fr,Male,33.98.254.226
1636,Dyane,Videan,dvideanev@mayoclinic.com,Female,3.57.146.189
1637,Darsie,Tice,dticeew@uiuc.edu,Female,15.103.63.190
1638,Orrin,Spours,ospoursex@vistaprint.com,Male,220.145.29.116
1639,Neils,Beauvais,nbeauvaisey@so-net.ne.jp,Male,152.182.168.134
1640,Colan,Hadkins,chadkinsez@reference.com,Male,75.150.127.14
1641,Boothe,Soan,bsoanf0@home.pl,Male,93.51.212.82
1642,Darda,Bodycombe,dbodycombef1@tuttocitta.it,Polygender,228.100.121.111
1643,Judah,Roff,jrofff2@storify.com,Male,246.210.90.55
1644,Sybila,Wybern,swybernf3@dmoz.org,Female,4.175.248.218
1645,Theo,Hempshall,thempshallf4@unblog.fr,Male,39.136.54.239
1646,Melita,Cockayne,mcockaynef5@shutterfly.com,Female,67.30.41.84
1647,Germana,Caen,gcaenf6@un.org,Female,6.90.253.178
1648,Edan,O'Lehane,eolehanef7@stumbleupon.com,Male,94.226.11.233
1649,Katuscha,Coverlyn,kcoverlynf8@godaddy.com,Female,6.155.128.110
1650,Luce,Ockleshaw,lockleshawf9@list-manage.com,Male,183.91.86.42
1651,Jeane,Argent,jargentfa@w3.org,Female,254.171.19.11
1652,Gordie,Tharme,gtharmefb@qq.com,Male,170.26.106.252
1653,Tom,Bugdale,tbugdalefc@liveinternet.ru,Male,243.177.201.144
1654,Jacquette,Thunnercliff,jthunnerclifffd@w3.org,Female,48.195.135.124
1655,Rhea,Jacob,rjacobfe@businesswire.com,Female,160.111.42.17
1656,Alfredo,Jostan,ajostanff@blogspot.com,Male,76.31.216.102
1657,Barrie,Elphinston,belphinstonfg@smugmug.com,Male,221.82.205.21
1658,Kimbell,Shinfield,kshinfieldfh@oracle.com,Male,76.17.187.183
1659,Richmond,Andryszczak,randryszczakfi@issuu.com,Male,110.88.46.90
1660,June,O'Devey,jodeveyfj@xrea.com,Female,33.57.192.61
1661,Sammy,Strike,sstrikefk@imageshack.us,Male,167.8.137.168
1662,Veronike,Luberti,vlubertifl@telegraph.co.uk,Female,202.234.94.59
1663,Eddy,Schout,eschoutfm@vk.com,Female,144.166.228.103
1664,Valina,Kareman,vkaremanfn@goo.ne.jp,Female,43.14.223.142
1665,Raina,Buddle,rbuddlefo@tinyurl.com,Female,88.16.166.218
1666,Hugh,Janny,hjannyfp@google.com.au,Male,74.45.48.188
1667,Laurie,Adshad,ladshadfq@sina.com.cn,Male,49.181.145.240
1668,Tova,Pettiford,tpettifordfr@google.com,Female,132.67.194.0
1669,Bird,Pantlin,bpantlinfs@sitemeter.com,Non-binary,138.73.231.8
1670,Mortimer,Gridley,mgridleyft@walmart.com,Male,240.237.25.49
1671,Haleigh,Bilby,hbilbyfu@surveymonkey.com,Female,190.132.115.181
1672,Jefferey,Blackah,jblackahfv@jalbum.net,Male,77.0.90.222
1673,Tyne,Yellowlees,tyellowleesfw@archive.org,Female,51.149.231.206
1674,Nellie,Sunock,nsunockfx@sina.com.cn,Female,21.35.230.138
1675,Fionna,Nestle,fnestlefy@tiny.cc,Female,53.111.123.81
1676,Marta,Branscombe,mbranscombefz@over-blog.com,Female,143.119.38.183
1677,Noland,Ovill,novillg0@mashable.com,Male,106.215.51.234
1678,Donall,Temlett,dtemlettg1@dagondesign.com,Male,92.186.82.185
1679,Ethelbert,Kubes,ekubesg2@biglobe.ne.jp,Male,146.198.184.155
1680,Natalina,Bryde,nbrydeg3@about.com,Female,222.100.162.72
1681,Hasty,Hedges,hhedgesg4@bigcartel.com,Male,128.114.37.214
1682,Larissa,Grishakin,lgrishaking5@pen.io,Female,125.157.26.244
1683,Farrand,McGannon,fmcgannong6@dion.ne.jp,Polygender,253.63.74.93
1684,Sibley,Plum,splumg7@whitehouse.gov,Female,68.91.102.157
1685,Fredra,Habbema,fhabbemag8@typepad.com,Female,164.218.80.125
1686,Cobb,Hince,chinceg9@biblegateway.com,Male,23.228.33.35
1687,Cristi,Neely,cneelyga@hugedomains.com,Female,206.209.123.155
1688,Edin,Scullard,escullardgb@furl.net,Female,101.238.52.232
1689,Garrot,Murrthum,gmurrthumgc@mit.edu,Male,127.97.53.38
1690,Catherina,Muslim,cmuslimgd@mozilla.org,Female,242.151.240.183
1691,Kain,Trudgian,ktrudgiange@hud.gov,Male,227.79.162.81
1692,Atlanta,Gretton,agrettongf@symantec.com,Female,113.42.213.100
1693,Booth,Vickarman,bvickarmangg@usda.gov,Male,30.75.82.22
1694,Amalie,Garthshore,agarthshoregh@pbs.org,Female,169.90.199.34
1695,Bear,Bull,bbullgi@patch.com,Male,103.133.180.239
1696,Zondra,Nornasell,znornasellgj@tiny.cc,Female,41.62.139.23
1697,Abra,McAllaster,amcallastergk@tiny.cc,Polygender,161.16.60.64
1698,Dannel,Ivanyushkin,divanyushkingl@dmoz.org,Male,38.33.134.247
1699,Edik,Ondra,eondragm@prnewswire.com,Male,29.230.149.171
1700,Rooney,Newiss,rnewissgn@indiatimes.com,Male,167.208.191.47
1701,Saunders,Gitsham,sgitshamgo@irs.gov,Male,183.248.194.202
1702,Georgine,Redit,greditgp@surveymonkey.com,Agender,1.230.20.82
1703,Val,Pryell,vpryellgq@mysql.com,Male,62.218.34.58
1704,Leighton,Mawer,lmawergr@unc.edu,Male,120.62.105.95
1705,Armin,Blackborow,ablackborowgs@tiny.cc,Male,231.163.234.156
1706,Inger,Acheson,iachesongt@si.edu,Male,14.108.13.4
1707,Zorina,Ericssen,zericssengu@ustream.tv,Female,172.77.76.165
1708,Bernadene,Cockland,bcocklandgv@technorati.com,Female,64.227.58.100
1709,Curr,Bamlet,cbamletgw@nifty.com,Male,30.108.45.196
1710,Herbie,MacDirmid,hmacdirmidgx@foxnews.com,Male,129.113.15.109
1711,Veronique,Dunnan,vdunnangy@com.com,Agender,175.107.113.133
1712,Margit,Scyner,mscynergz@aol.com,Non-binary,211.154.93.58
1713,Kiel,Panswick,kpanswickh0@answers.com,Male,200.186.254.221
1714,Margaux,Bibby,mbibbyh1@adobe.com,Female,133.40.60.123
1715,Nial,Boffey,nboffeyh2@drupal.org,Male,63.7.91.105
1716,Milli,Theze,mthezeh3@networksolutions.com,Female,247.84.120.184
1717,Darnall,Whellams,dwhellamsh4@npr.org,Male,197.57.232.43
1718,Mada,Haverson,mhaversonh5@harvard.edu,Female,253.200.215.66
1719,Dorolisa,Proger,dprogerh6@reverbnation.com,Female,214.208.26.64
1720,Del,Bownd,dbowndh7@themeforest.net,Female,47.154.170.189
1721,Matias,Aldrick,maldrickh8@arizona.edu,Male,47.214.84.223
1722,Del,Croydon,dcroydonh9@cdc.gov,Male,185.8.81.61
1723,Stephannie,Brendel,sbrendelha@soundcloud.com,Female,173.241.224.125
1724,Vladamir,Grissett,vgrissetthb@shinystat.com,Male,130.105.30.110
1725,Merry,Hayhow,mhayhowhc@mapy.cz,Female,229.213.173.59
1726,Loralie,Probets,lprobetshd@creativecommons.org,Female,55.223.68.226
1727,Bevvy,Maccree,bmaccreehe@free.fr,Female,29.89.107.111
1728,Beryle,Gligori,bgligorihf@biglobe.ne.jp,Female,78.225.4.165
1729,Dewain,Rosenberger,drosenbergerhg@unblog.fr,Male,68.238.58.138
1730,Goddard,Larose,glarosehh@reference.com,Male,154.83.19.223
1731,Concordia,Collocott,ccollocotthi@ehow.com,Female,55.239.118.137
1732,Roseline,O'Finan,rofinanhj@51.la,Female,168.216.128.37
1733,Cos,Pre,cprehk@cnn.com,Male,80.185.93.57
1734,Gerrard,Hearse,ghearsehl@nbcnews.com,Male,253.229.163.248
1735,Shell,Tout,stouthm@naver.com,Female,187.242.57.249
1736,Conny,Karby,ckarbyhn@ihg.com,Male,247.251.110.58
1737,Guglielma,Williams,gwilliamsho@ucoz.com,Female,28.84.121.96
1738,Harwilll,Mablestone,hmablestonehp@theatlantic.com,Male,235.82.121.243
1739,Laura,Wrintmore,lwrintmorehq@joomla.org,Genderqueer,162.66.28.173
1740,Sybila,Ilewicz,silewiczhr@squarespace.com,Female,31.191.172.53
1741,Lucas,Poleykett,lpoleyketths@usa.gov,Male,182.41.103.63
1742,Vonnie,Mobberley,vmobberleyht@fema.gov,Female,133.176.49.122
1743,Olav,Darlow,odarlowhu@google.es,Genderqueer,60.245.136.109
1744,Edvard,Hooban,ehoobanhv@edublogs.org,Agender,238.68.180.109
1745,Justine,Domsalla,jdomsallahw@pcworld.com,Genderfluid,158.69.182.233
1746,Lindi,Klos,lkloshx@nature.com,Female,17.209.120.9
1747,Loraine,Westwell,lwestwellhy@pen.io,Female,140.237.70.112
1748,Fiona,Nanson,fnansonhz@printfriendly.com,Female,220.90.8.70
1749,Serene,Letchmore,sletchmorei0@ebay.co.uk,Female,68.137.98.207
1750,Granger,Fairlaw,gfairlawi1@goo.gl,Male,222.250.74.174
1751,Marcia,Flag,mflagi2@wikimedia.org,Female,210.183.24.114
1752,Rubia,Minillo,rminilloi3@nationalgeographic.com,Female,56.167.48.226
1753,Illa,Carvil,icarvili4@dailymotion.com,Female,84.243.168.16
1754,Leticia,Stemp,lstempi5@msu.edu,Female,86.70.6.166
1755,Sterling,Banner,sbanneri6@nifty.com,Male,2.28.36.55
1756,Gordan,Golda,ggoldai7@simplemachines.org,Male,79.151.251.192
1757,Zacharia,Drance,zdrancei8@xing.com,Male,108.18.115.103
1758,Marlee,Kibblewhite,mkibblewhitei9@illinois.edu,Female,210.52.162.241
1759,Carlyle,Dugan,cdugania@xing.com,Male,159.239.229.222
1760,Marion,Beckworth,mbeckworthib@cbslocal.com,Female,6.210.114.106
1761,Jeremiah,Clowser,jclowseric@upenn.edu,Male,61.36.32.229
1762,Bride,Cassie,bcassieid@yahoo.com,Female,146.241.12.117
1763,Kippie,Welband,kwelbandie@redcross.org,Agender,139.22.89.181
1764,Sherry,Jeffcoat,sjeffcoatif@nationalgeographic.com,Female,213.54.80.149
1765,Hermine,Mochan,hmochanig@google.it,Female,142.12.133.208
1766,Carla,Hardaker,chardakerih@addtoany.com,Female,138.245.83.148
1767,Almeta,Betho,abethoii@amazon.co.uk,Female,51.196.74.54
1768,Aili,Waything,awaythingij@apple.com,Female,108.241.232.49
1769,Hedvige,Menauteau,hmenauteauik@businesswire.com,Female,155.57.194.92
1770,Augustina,Hinsch,ahinschil@cnbc.com,Female,145.95.89.72
1771,Ricky,Rutley,rrutleyim@parallels.com,Male,201.197.30.50
1772,Horatia,Gareisr,hgareisrin@arstechnica.com,Female,46.5.116.7
1773,Tome,Wrighton,twrightonio@newyorker.com,Male,52.249.129.186
1774,Benji,MacLaverty,bmaclavertyip@flavors.me,Male,209.96.93.105
1775,Chrissy,Pettisall,cpettisalliq@fema.gov,Female,244.174.229.74
1776,Hirsch,McAw,hmcawir@prlog.org,Male,202.48.90.213
1777,Amara,Theseira,atheseirais@slashdot.org,Female,60.15.181.43
1778,Marleah,Millam,mmillamit@paypal.com,Female,158.87.119.62
1779,Ivar,Tooth,itoothiu@instagram.com,Male,210.104.186.169
1780,Kelvin,Reolfi,kreolfiiv@furl.net,Male,219.13.208.234
1781,Hanson,Hallybone,hhallyboneiw@theglobeandmail.com,Male,60.109.209.38
1782,Poul,Spittall,pspittallix@ameblo.jp,Male,56.65.61.212
1783,Hilde,Children,hchildreniy@theguardian.com,Female,249.134.100.232
1784,Cynthia,Joscelin,cjosceliniz@examiner.com,Female,14.39.48.122
1785,Daniela,Ilieve,dilievej0@hao123.com,Female,168.119.129.104
1786,Araldo,Barlie,abarliej1@netlog.com,Male,18.59.128.10
1787,Lewiss,Satcher,lsatcherj2@1und1.de,Male,196.192.74.177
1788,Welby,Dradey,wdradeyj3@umn.edu,Bigender,206.51.102.44
1789,Nickolaus,Shakespear,nshakespearj4@google.com,Male,68.196.10.168
1790,Tabbie,Sweeny,tsweenyj5@rambler.ru,Male,160.180.150.48
1791,Gardie,Heavy,gheavyj6@privacy.gov.au,Male,10.176.150.65
1792,Livvy,Bracknall,lbracknallj7@loc.gov,Female,101.212.98.133
1793,Brig,Gavan,bgavanj8@cisco.com,Male,192.128.247.220
1794,Marni,Hadenton,mhadentonj9@amazon.com,Female,6.100.28.26
1795,Gabriello,Gingle,ggingleja@infoseek.co.jp,Male,55.29.107.8
1796,Darin,Casebourne,dcasebournejb@constantcontact.com,Genderqueer,180.85.242.80
1797,Baxy,Haffner,bhaffnerjc@statcounter.com,Male,148.209.240.37
1798,Shadow,Rains,srainsjd@rakuten.co.jp,Male,56.155.179.68
1799,Henry,Kingscott,hkingscottje@blogspot.com,Male,38.215.34.212
1800,Christopher,Speariett,cspeariettjf@netvibes.com,Male,10.117.73.25
1801,Hersch,Krysztowczyk,hkrysztowczykjg@domainmarket.com,Polygender,70.236.206.15
1802,Von,Bransdon,vbransdonjh@indiegogo.com,Male,59.84.60.61
1803,Francyne,Sumbler,fsumblerji@technorati.com,Female,76.16.226.33
1804,Matthus,MacClenan,mmacclenanjj@examiner.com,Male,81.209.200.115
1805,Brittani,Salvadori,bsalvadorijk@trellian.com,Female,83.215.93.219
1806,Dorotea,Linklater,dlinklaterjl@redcross.org,Female,138.4.126.229
1807,Harold,Hamnet,hhamnetjm@weebly.com,Genderqueer,120.121.130.129
1808,Elsbeth,Ledes,eledesjn@seattletimes.com,Genderqueer,242.43.37.23
1809,Kissiah,Djokic,kdjokicjo@wikimedia.org,Female,222.105.213.212
1810,Joyce,Itzik,jitzikjp@icq.com,Female,59.186.129.184
1811,Dwight,Overbury,doverburyjq@dailymail.co.uk,Male,236.93.250.49
1812,Royal,Adhams,radhamsjr@simplemachines.org,Agender,108.88.94.133
1813,Osborn,Edess,oedessjs@msu.edu,Male,101.248.102.248
1814,Gwendolen,Schwandner,gschwandnerjt@com.com,Female,150.166.74.75
1815,Hayley,Andrew,handrewju@microsoft.com,Female,96.53.44.138
1816,Albie,Borer,aborerjv@smh.com.au,Male,213.189.45.220
1817,Hendrick,Real,hrealjw@mapy.cz,Male,182.229.183.225
1818,Adora,Jedrys,ajedrysjx@unc.edu,Female,184.220.208.122
1819,Jae,Feaver,jfeaverjy@ebay.co.uk,Male,14.219.196.67
1820,Zed,Presidey,zpresideyjz@unicef.org,Male,208.55.175.247
1821,Breanne,Kilfedder,bkilfedderk0@tripod.com,Female,190.242.246.255
1822,Arley,Dannett,adannettk1@skyrock.com,Male,143.244.31.41
1823,Bailie,Mytton,bmyttonk2@cloudflare.com,Male,60.112.30.246
1824,Beret,Arnald,barnaldk3@aol.com,Female,31.223.47.35
1825,Lucius,Moppett,lmoppettk4@amazon.co.uk,Male,219.25.207.230
1826,Kassey,Titchard,ktitchardk5@wired.com,Female,244.187.192.163
1827,Conan,Hoyland,choylandk6@dell.com,Male,133.207.138.174
1828,Virgina,Hadcock,vhadcockk7@delicious.com,Genderqueer,66.113.80.97
1829,Marsha,Sproson,msprosonk8@scribd.com,Female,61.199.6.215
1830,Patience,Gommowe,pgommowek9@dailymail.co.uk,Female,155.10.204.56
1831,Aube,Ryce,aryceka@businessweek.com,Male,217.143.2.245
1832,Stavro,Chesnay,schesnaykb@myspace.com,Male,16.19.88.46
1833,Sollie,Acton,sactonkc@nydailynews.com,Male,66.191.18.118
1834,Donnamarie,Dey,ddeykd@yolasite.com,Female,48.116.126.29
1835,Hugh,Bartosinski,hbartosinskike@dedecms.com,Male,179.28.200.107
1836,Derwin,Spellessy,dspellessykf@nytimes.com,Male,104.223.116.155
1837,Regine,Halpine,rhalpinekg@hatena.ne.jp,Female,233.218.134.53
1838,Janean,Budibent,jbudibentkh@harvard.edu,Female,40.118.126.243
1839,Elliot,Brumbye,ebrumbyeki@dmoz.org,Male,153.237.55.34
1840,Cynde,Bashford,cbashfordkj@ucsd.edu,Female,47.160.47.92
1841,Rogers,Sarton,rsartonkk@mapy.cz,Male,208.163.12.109
1842,Allistir,Haller,ahallerkl@youku.com,Male,54.93.183.160
1843,Lucina,Makepeace,lmakepeacekm@ox.ac.uk,Female,147.165.9.218
1844,Aurel,Kille,akillekn@msn.com,Female,33.92.91.38
1845,Angelita,Fiddiman,afiddimanko@myspace.com,Female,106.201.240.197
1846,Ryann,Sebley,rsebleykp@elegantthemes.com,Agender,98.191.171.158
1847,Kiel,Macauley,kmacauleykq@nationalgeographic.com,Male,213.26.146.116
1848,Jeri,Vaulkhard,jvaulkhardkr@bandcamp.com,Female,195.230.250.138
1849,Jeri,Kerridge,jkerridgeks@ca.gov,Female,123.138.133.123
1850,Vivi,Filochov,vfilochovkt@oaic.gov.au,Female,200.173.96.3
1851,Ethelbert,Pablo,epabloku@icq.com,Genderqueer,39.107.29.122
1852,Layla,Ree,lreekv@ft.com,Female,213.168.248.129
1853,Averill,McWilliam,amcwilliamkw@google.nl,Male,83.89.38.211
1854,Cristie,Jiggens,cjiggenskx@bluehost.com,Female,193.184.20.105
1855,Xerxes,McMechan,xmcmechanky@businessweek.com,Polygender,121.16.0.88
1856,Gar,Ogus,goguskz@behance.net,Male,207.27.216.200
1857,Irving,Cabane,icabanel0@github.io,Male,144.92.39.53
1858,Carlie,Oliphard,coliphardl1@virginia.edu,Female,239.30.15.185
1859,Leonard,Woodruffe,lwoodruffel2@edublogs.org,Male,196.160.143.150
1860,Hadlee,Costan,hcostanl3@infoseek.co.jp,Male,91.123.38.218
1861,Maddie,Fairbourn,mfairbournl4@barnesandnoble.com,Male,59.132.212.243
1862,Marv,Pizzie,mpizziel5@weebly.com,Male,242.3.6.68
1863,Ainslie,Conman,aconmanl6@clickbank.net,Female,66.17.181.201
1864,Erny,Bayliss,ebaylissl7@vimeo.com,Bigender,254.239.177.45
1865,Moses,Mearns,mmearnsl8@state.tx.us,Male,218.237.123.200
1866,Dalton,Berardt,dberardtl9@arstechnica.com,Male,197.16.152.137
1867,Tedmund,Conen,tconenla@foxnews.com,Male,237.88.99.133
1868,Terry,Maloney,tmaloneylb@spotify.com,Male,144.169.139.255
1869,Lisle,Gimert,lgimertlc@google.de,Male,80.139.96.47
1870,Modestia,Watkiss,mwatkissld@imdb.com,Female,106.245.229.186
1871,Forbes,Davys,fdavysle@webnode.com,Male,239.179.127.69
1872,Alexandros,Shieber,ashieberlf@last.fm,Male,200.234.16.209
1873,Mannie,Jewel,mjewellg@latimes.com,Male,66.151.226.140
1874,Corbett,Dowsett,cdowsettlh@ycombinator.com,Male,9.67.197.167
1875,Berny,Ralton,braltonli@sbwire.com,Male,79.194.128.119
1876,Forster,Colbron,fcolbronlj@paginegialle.it,Male,215.210.36.220
1877,Michell,Simoneton,msimonetonlk@blogs.com,Female,87.147.39.246
1878,Alden,Fenning,afenningll@alibaba.com,Male,45.110.112.209
1879,Bartie,McCarroll,bmccarrolllm@craigslist.org,Non-binary,9.121.87.114
1880,Onofredo,Searle,osearleln@washingtonpost.com,Male,221.197.88.18
1881,Mavis,Huie,mhuielo@woothemes.com,Female,254.236.178.5
1882,Padraig,Swalteridge,pswalteridgelp@nba.com,Male,20.29.76.226
1883,Gabby,Flippini,gflippinilq@de.vu,Male,71.5.51.188
1884,Merlina,Schusterl,mschusterllr@xinhuanet.com,Female,228.252.185.169
1885,Raddie,Dunston,rdunstonls@berkeley.edu,Male,191.214.140.41
1886,Hatty,Rembaud,hrembaudlt@google.pl,Female,211.37.166.10
1887,Kimberli,Ullett,kullettlu@usgs.gov,Female,233.217.176.38
1888,Marys,Woolcocks,mwoolcockslv@uiuc.edu,Female,1.61.91.188
1889,Gasper,Melpuss,gmelpusslw@unc.edu,Male,137.41.63.74
1890,Alberta,Carloni,acarlonilx@washingtonpost.com,Female,111.197.194.95
1891,Ax,Amthor,aamthorly@slideshare.net,Male,40.30.34.29
1892,Dilan,Clancy,dclancylz@bandcamp.com,Male,43.94.38.62
1893,Lib,Regnard,lregnardm0@java.com,Bigender,154.121.17.30
1894,Sheffy,Markie,smarkiem1@google.de,Male,30.228.159.46
1895,Stefan,Triplet,stripletm2@gravatar.com,Male,182.205.172.101
1896,Merwyn,Wilbore,mwilborem3@phoca.cz,Genderfluid,68.194.121.17
1897,Phyllys,Knowler,pknowlerm4@weather.com,Female,86.182.151.108
1898,Phillida,Deble,pdeblem5@tinyurl.com,Female,140.142.237.193
1899,Archibaldo,Berger,abergerm6@noaa.gov,Male,37.147.222.74
1900,Natalee,Wrightson,nwrightsonm7@bigcartel.com,Female,145.48.109.176
1901,Noelyn,Francey,nfranceym8@rambler.ru,Female,194.255.188.97
1902,Ashby,Harriskine,aharriskinem9@fc2.com,Male,117.50.197.218
1903,Othello,Hyde,ohydema@over-blog.com,Male,208.197.182.154
1904,Wilt,Blowfelde,wblowfeldemb@globo.com,Male,202.203.167.75
1905,Liane,Tortis,ltortismc@usgs.gov,Female,84.24.136.146
1906,Juan,Llewhellin,jllewhellinmd@hatena.ne.jp,Male,160.238.175.245
1907,Cristen,Pude,cpudeme@yale.edu,Polygender,137.143.55.89
1908,Reagen,Bedell,rbedellmf@xinhuanet.com,Male,225.223.241.50
1909,Dominick,Castiglioni,dcastiglionimg@fema.gov,Male,241.1.12.81
1910,Courtnay,Flanigan,cflaniganmh@prnewswire.com,Female,205.10.245.76
1911,Byrann,Fenemore,bfenemoremi@berkeley.edu,Male,146.162.192.74
1912,Keary,Merrigan,kmerriganmj@plala.or.jp,Male,104.207.0.145
1913,Alvis,Burdett,aburdettmk@squarespace.com,Male,180.201.193.59
1914,Rosamond,Bagguley,rbagguleyml@dedecms.com,Female,152.5.248.73
1915,Raffarty,Sleep,rsleepmm@chron.com,Male,247.120.115.112
1916,Maximilien,Hancorn,mhancornmn@alexa.com,Male,154.167.243.174
1917,Kelcy,Craddock,kcraddockmo@behance.net,Non-binary,125.15.92.133
1918,Derry,Leonarde,dleonardemp@yahoo.co.jp,Male,8.219.1.182
1919,Heather,Nussey,hnusseymq@mit.edu,Female,66.212.67.196
1920,Charlena,Damp,cdampmr@biglobe.ne.jp,Female,81.113.13.197
1921,Catina,Einchcombe,ceinchcombems@foxnews.com,Female,160.147.144.234
1922,Israel,Stretton,istrettonmt@salon.com,Bigender,205.109.161.170
1923,Nina,Moisey,nmoiseymu@ihg.com,Female,122.9.57.73
1924,Matthiew,Clapton,mclaptonmv@harvard.edu,Male,142.113.63.72
1925,Cyndy,Ollarenshaw,collarenshawmw@t-online.de,Female,128.21.14.177
1926,Celeste,Robathon,crobathonmx@yahoo.co.jp,Female,144.121.157.240
1927,Noellyn,Blees,nbleesmy@shinystat.com,Female,24.221.242.218
1928,Hyacintha,Sheppey,hsheppeymz@i2i.jp,Female,236.12.213.35
1929,Lucais,Fayerbrother,lfayerbrothern0@vistaprint.com,Male,223.120.44.19
1930,Paloma,Hattigan,phattigann1@mozilla.com,Female,59.109.175.20
1931,Helen,Bowker,hbowkern2@sitemeter.com,Female,206.130.12.129
1932,Ingunna,Elcy,ielcyn3@over-blog.com,Female,73.241.218.168
1933,Kellia,Merwede,kmerweden4@spiegel.de,Female,254.65.65.139
1934,Marsh,De Hailes,mdehailesn5@cafepress.com,Male,111.46.216.150
1935,Inge,Winkworth,iwinkworthn6@zimbio.com,Female,160.130.136.248
1936,Hendrik,Ralfe,hralfen7@cpanel.net,Male,159.212.233.104
1937,Mavis,Barzen,mbarzenn8@senate.gov,Female,25.5.232.147
1938,Victor,Scourge,vscourgen9@bravesites.com,Male,46.212.201.87
1939,Daron,Barlthrop,dbarlthropna@discovery.com,Male,90.89.124.40
1940,Aurelia,Malicki,amalickinb@people.com.cn,Female,72.128.117.29
1941,Tallia,Skirlin,tskirlinnc@wunderground.com,Female,197.35.155.85
1942,Anastasie,Tockell,atockellnd@list-manage.com,Female,159.224.29.115
1943,Gayelord,McBeath,gmcbeathne@alibaba.com,Male,19.93.181.119
1944,Delainey,Rames,dramesnf@addtoany.com,Male,247.224.98.149
1945,Wilma,Sprigging,wspriggingng@harvard.edu,Genderfluid,176.232.227.222
1946,Jorie,Huard,jhuardnh@biglobe.ne.jp,Female,31.41.106.117
1947,Randi,Ferry,rferryni@ted.com,Female,51.211.153.167
1948,Fernando,Grocott,fgrocottnj@ft.com,Male,180.226.185.10
1949,Timoteo,Jersh,tjershnk@nationalgeographic.com,Non-binary,173.235.167.81
1950,Mirelle,Wennington,mwenningtonnl@telegraph.co.uk,Female,7.234.179.141
1951,Angelika,De Hooge,adehoogenm@msu.edu,Female,191.240.228.117
1952,Andrej,Scollick,ascollicknn@wiley.com,Male,149.204.175.43
1953,Lydie,Cortez,lcortezno@marriott.com,Female,226.248.138.237
1954,Phedra,Berndtssen,pberndtssennp@nhs.uk,Female,150.155.118.71
1955,Devonna,Hovie,dhovienq@theglobeandmail.com,Female,55.74.196.93
1956,Zara,Dubois,zduboisnr@merriam-webster.com,Female,58.135.203.199
1957,Ettore,Amorine,eamorinens@posterous.com,Male,40.246.45.182
1958,Irina,Southern,isouthernnt@youtube.com,Female,26.203.27.236
1959,Cori,Echallie,cechallienu@dion.ne.jp,Male,176.171.113.6
1960,Liana,Deyes,ldeyesnv@xinhuanet.com,Female,65.69.193.147
1961,Dorian,Wavish,dwavishnw@webeden.co.uk,Male,255.89.153.139
1962,Claudell,Glaze,cglazenx@yolasite.com,Polygender,198.197.158.124
1963,Lek,Forson,lforsonny@mapy.cz,Male,84.10.12.224
1964,Ilyssa,Eagling,ieaglingnz@infoseek.co.jp,Female,95.170.230.147
1965,Janela,Sowman,jsowmano0@alexa.com,Female,212.17.29.213
1966,Luciano,Aldersea,lalderseao1@domainmarket.com,Male,240.110.228.213
1967,Shelly,Tidy,stidyo2@state.tx.us,Female,42.7.237.136
1968,Corenda,Sevitt,csevitto3@de.vu,Female,135.60.48.142
1969,Dynah,Bage,dbageo4@china.com.cn,Female,136.33.37.255
1970,Laird,Guild,lguildo5@smh.com.au,Male,169.131.163.166
1971,Shannon,Fillis,sfilliso6@jugem.jp,Female,127.12.103.150
1972,Joline,Lammertz,jlammertzo7@storify.com,Female,90.223.35.6
1973,Kylie,Walling,kwallingo8@fc2.com,Male,202.240.216.226
1974,Inna,Knoton,iknotono9@toplist.cz,Female,70.83.143.200
1975,Myrtia,Becken,mbeckenoa@imdb.com,Female,199.117.196.34
1976,Beverie,Baleine,bbaleineob@ebay.co.uk,Female,172.182.200.245
1977,Ester,Moore,emooreoc@paypal.com,Female,206.131.190.94
1978,Granger,Work,gworkod@icio.us,Male,153.221.194.129
1979,Brunhilde,Heaviside,bheavisideoe@ifeng.com,Non-binary,7.172.187.42
1980,Jennie,Woodberry,jwoodberryof@goo.gl,Female,84.4.237.234
1981,Tymothy,Abbs,tabbsog@ifeng.com,Male,127.154.83.134
1982,Loralee,Gwynne,lgwynneoh@bandcamp.com,Genderfluid,131.206.101.187
1983,Hakeem,Refford,hreffordoi@typepad.com,Male,238.122.67.238
1984,Carlo,Babe,cbabeoj@irs.gov,Male,210.234.168.249
1985,Cristabel,Foye,cfoyeok@alexa.com,Agender,72.153.253.30
1986,Laurie,Cuolahan,lcuolahanol@npr.org,Female,46.1.82.190
1987,Merrill,Jenken,mjenkenom@twitter.com,Agender,236.225.255.31
1988,Ruthann,Blunkett,rblunketton@japanpost.jp,Female,197.221.179.109
1989,Markos,Crocroft,mcrocroftoo@irs.gov,Polygender,35.10.89.209
1990,Frederigo,Willingam,fwillingamop@wikipedia.org,Male,39.142.211.116
1991,Keslie,Boreland,kborelandoq@cbslocal.com,Polygender,126.6.27.89
1992,Claudian,Helsdon,chelsdonor@phpbb.com,Male,78.244.132.170
1993,Jemmy,Malenfant,jmalenfantos@netvibes.com,Female,155.91.6.164
1994,Lemuel,Harmson,lharmsonot@europa.eu,Male,36.222.7.218
1995,Skelly,Channing,schanningou@xinhuanet.com,Male,208.32.156.157
1996,Sascha,Bock,sbockov@linkedin.com,Male,9.196.231.175
1997,Tam,Bispham,tbisphamow@sfgate.com,Male,6.109.84.157
1998,Joella,Eake,jeakeox@chron.com,Female,6.30.157.228
1999,Onida,Manion,omanionoy@pbs.org,Female,92.10.33.217
2000,Heloise,Domke,hdomkeoz@angelfire.com,Female,136.4.224.42
2001,Franklin,Kelberman,fkelbermanp0@blogspot.com,Male,248.67.75.213
2002,Niel,McCombe,nmccombep1@guardian.co.uk,Male,23.59.20.60
2003,Lavinie,Gorgen,lgorgenp2@naver.com,Female,22.200.253.70
2004,Dory,Arkley,darkleyp3@phpbb.com,Female,59.209.6.56
2005,Wendel,Stuckes,wstuckesp4@admin.ch,Genderfluid,54.160.19.85
2006,Linette,West-Frimley,lwestfrimleyp5@mapquest.com,Female,3.69.189.122
2007,Brent,Been,bbeenp6@baidu.com,Male,74.147.235.124
2008,Yoko,Kayser,ykayserp7@merriam-webster.com,Female,152.120.220.222
2009,Katinka,Casine,kcasinep8@thetimes.co.uk,Female,135.174.182.114
2010,Margo,Pergens,mpergensp9@pagesperso-orange.fr,Female,60.18.11.119
2011,Johnette,Portwaine,jportwainepa@omniture.com,Female,147.234.31.70
2012,Zonnya,Alliker,zallikerpb@edublogs.org,Female,95.43.61.42
2013,Kirby,Shinfield,kshinfieldpc@miibeian.gov.cn,Polygender,65.41.14.3
2014,Federica,Perring,fperringpd@huffingtonpost.com,Female,201.206.125.134
2015,Jan,Hanson,jhansonpe@nymag.com,Male,221.150.77.46
2016,Carlos,Plumley,cplumleypf@tamu.edu,Male,9.94.183.38
2017,Hubey,Bartomieu,hbartomieupg@ucsd.edu,Agender,6.106.33.249
2018,Sax,Lett,slettph@microsoft.com,Male,186.40.19.84
2019,Corbet,Mapother,cmapotherpi@hibu.com,Male,201.115.61.120
2020,Kit,Abrahamowitcz,kabrahamowitczpj@amazon.co.jp,Polygender,123.232.45.181
2021,Cecilia,Malsher,cmalsherpk@dell.com,Bigender,96.39.176.195
2022,Pete,Naire,pnairepl@globo.com,Male,58.30.8.193
2023,Fairleigh,Scoyne,fscoynepm@sciencedaily.com,Polygender,186.48.3.0
2024,Lorianne,Dacombe,ldacombepn@drupal.org,Female,237.124.72.103
2025,Winifield,Rontsch,wrontschpo@columbia.edu,Male,172.130.189.189
2026,Gardiner,Dickerline,gdickerlinepp@furl.net,Male,161.53.62.27
2027,Jabez,Conlaund,jconlaundpq@nytimes.com,Male,218.216.16.215
2028,Nolana,Dachey,ndacheypr@noaa.gov,Female,84.2.196.59
2029,Harley,Wintour,hwintourps@angelfire.com,Genderfluid,255.231.27.138
2030,Lorianna,Cossons,lcossonspt@scientificamerican.com,Female,213.235.176.226
2031,Trixi,Rudham,trudhampu@usda.gov,Female,68.162.202.130
2032,Darbee,Flag,dflagpv@google.com,Male,122.11.212.209
2033,Zed,Medcalfe,zmedcalfepw@mlb.com,Male,170.88.233.254
2034,Oswell,Dubbin,odubbinpx@vinaora.com,Male,219.242.222.77
2035,Malinde,Erik,merikpy@mapquest.com,Female,208.232.60.127
2036,Faun,Parsons,fparsonspz@nydailynews.com,Female,55.101.190.138
2037,Kinna,Garz,kgarzq0@forbes.com,Female,30.121.209.110
2038,Florentia,Petrenko,fpetrenkoq1@mapquest.com,Female,25.51.70.204
2039,Chucho,Possell,cpossellq2@mail.ru,Male,202.108.116.95
2040,Yoko,MacPhail,ymacphailq3@usa.gov,Female,24.176.14.225
2041,Katie,Shoulder,kshoulderq4@upenn.edu,Genderfluid,255.212.1.57
2042,Franklin,Crawforth,fcrawforthq5@psu.edu,Male,218.65.141.38
2043,Devinne,Rendell,drendellq6@storify.com,Female,229.1.115.111
2044,Gualterio,Gayter,ggayterq7@cisco.com,Male,185.178.179.211
2045,Dom,Brecher,dbrecherq8@weibo.com,Male,119.128.166.247
2046,Darb,Anderbrugge,danderbruggeq9@patch.com,Male,76.0.95.214
2047,Archibold,Delos,adelosqa@imdb.com,Male,31.247.64.74
2048,Jaquelin,Bendik,jbendikqb@yandex.ru,Female,218.59.175.7
2049,Thorvald,Stone Fewings,tstonefewingsqc@newsvine.com,Male,110.146.243.172
2050,Bale,Cotton,bcottonqd@upenn.edu,Male,27.64.220.125
2051,Maggie,Condliffe,mcondliffeqe@vinaora.com,Female,140.95.84.31
2052,Niki,Fawlkes,nfawlkesqf@webnode.com,Male,133.248.236.185
2053,Marie-jeanne,Grigs,mgrigsqg@addtoany.com,Female,0.35.143.95
2054,Curran,Angood,cangoodqh@hexun.com,Male,110.253.148.156
2055,Cthrine,Godridge,cgodridgeqi@bloomberg.com,Female,72.213.24.76
2056,Gerik,Kinghorn,gkinghornqj@example.com,Male,87.28.225.163
2057,Bartholemy,Wheelband,bwheelbandqk@xing.com,Male,170.97.112.238
2058,Andi,Malzard,amalzardql@1und1.de,Polygender,189.71.114.216
2059,Nil,Biggans,nbiggansqm@yahoo.com,Male,156.133.104.242
2060,Dev,Solloway,dsollowayqn@diigo.com,Male,187.40.117.71
2061,Rachael,Emney,remneyqo@bbb.org,Female,40.64.231.19
2062,Glendon,O'Flannery,goflanneryqp@utexas.edu,Male,188.95.200.148
2063,Othella,Purse,opurseqq@meetup.com,Female,18.183.249.247
2064,Zedekiah,Kivelhan,zkivelhanqr@webeden.co.uk,Male,129.217.43.167
2065,Allin,Duer,aduerqs@newsvine.com,Male,33.48.204.59
2066,Archie,Mee,ameeqt@bloglines.com,Male,247.231.201.208
2067,Fulvia,Bramont,fbramontqu@ovh.net,Female,143.225.168.201
2068,Jacynth,Sealove,jsealoveqv@list-manage.com,Female,78.44.74.120
2069,Brodie,Hurford,bhurfordqw@goodreads.com,Male,14.127.239.106
2070,Hamlin,Caghy,hcaghyqx@ibm.com,Male,248.114.77.155
2071,Cristal,Gerckens,cgerckensqy@geocities.com,Female,232.137.164.10
2072,Alick,MacBarron,amacbarronqz@typepad.com,Male,229.43.11.84
2073,Farah,Gawn,fgawnr0@discuz.net,Female,152.219.81.234
2074,Elsinore,Tomashov,etomashovr1@hibu.com,Female,201.24.38.168
2075,Shaina,Suett,ssuettr2@dot.gov,Female,94.10.191.244
2076,L;urette,Palleske,lpallesker3@vistaprint.com,Genderqueer,156.241.173.24
2077,Allsun,Ealden,aealdenr4@acquirethisname.com,Female,18.150.252.191
2078,Trueman,Ticksall,tticksallr5@latimes.com,Male,50.47.56.101
2079,Harland,Readitt,hreadittr6@buzzfeed.com,Male,144.71.69.45
2080,Ailbert,Serrier,aserrierr7@time.com,Male,114.16.100.227
2081,Juliet,Gorch,jgorchr8@infoseek.co.jp,Genderfluid,181.93.24.56
2082,Tani,Snozzwell,tsnozzwellr9@meetup.com,Female,162.249.225.93
2083,Chere,Idale,cidalera@yandex.ru,Female,89.225.123.9
2084,Natividad,MacFarland,nmacfarlandrb@cocolog-nifty.com,Female,80.24.64.169
2085,Jocelyne,Mulvihill,jmulvihillrc@amazon.de,Female,3.204.157.160
2086,Cozmo,Cail,ccailrd@jimdo.com,Male,227.36.15.199
2087,Rockey,Theis,rtheisre@nbcnews.com,Male,206.2.202.167
2088,Beulah,Almey,balmeyrf@parallels.com,Female,16.64.214.112
2089,Paolo,Wilsone,pwilsonerg@yelp.com,Male,254.104.189.58
2090,Moe,Purry,mpurryrh@addtoany.com,Male,12.160.198.36
2091,Laetitia,Shirt,lshirtri@thetimes.co.uk,Female,8.217.246.10
2092,Bonnie,Cappineer,bcappineerrj@sakura.ne.jp,Female,250.217.97.159
2093,Rebbecca,Sifleet,rsifleetrk@twitter.com,Female,53.40.50.24
2094,Nerte,Beedie,nbeedierl@unblog.fr,Genderfluid,230.238.45.191
2095,Dorri,MacCarlich,dmaccarlichrm@indiatimes.com,Female,161.4.185.142
2096,Bonita,Chadwen,bchadwenrn@bizjournals.com,Female,113.118.133.125
2097,Gauthier,Heninghem,gheninghemro@storify.com,Male,109.21.96.122
2098,Roxanna,Ahrenius,rahreniusrp@dedecms.com,Female,68.110.161.163
2099,Hunfredo,Hainsworth,hhainsworthrq@businessinsider.com,Male,151.180.124.255
2100,Mireielle,Langthorne,mlangthornerr@dagondesign.com,Female,123.71.48.98
