id,first_name,last_name,email,gender,ip_address
1,Samuele,Hedin,shedin0@wufoo.com,Male,243.3.135.185
2,Cal,Edgecumbe,cedgecumbe1@nsw.gov.au,Male,80.191.50.16
3,Phaedra,Viel,pviel2@yahoo.co.jp,Female,218.70.112.170
4,Tannie,Finder,tfinder3@edublogs.org,Male,108.166.104.140
5,Peter,Jest,pjest4@ucoz.com,Male,55.102.253.16
6,Annaliese,Bulcroft,abulcroft5@fotki.com,Female,24.203.74.68
7,Reidar,Glavias,rglavias6@intel.com,Male,212.112.67.99
8,Royal,Pollins,rpollins7@tumblr.com,Male,24.236.26.243
9,Gaile,Pescod,gpescod8@stumbleupon.com,Male,55.223.182.15
10,Orlando,MacAne,omacane9@jugem.jp,Male,42.24.41.157
11,Melodee,Duinkerk,mduinkerka@cbslocal.com,Female,212.133.19.255
12,Flss,Wealthall,fwealthallb@va.gov,Female,171.96.242.95
13,Maryjo,Brimmacombe,mbrimmacombec@creativecommons.org,Female,114.21.69.9
14,Corine,Gillise,cgillised@pen.io,Female,57.7.120.172
15,Arch,Verling,averlinge@narod.ru,Male,188.141.58.106
16,Alverta,Fairchild,afairchildf@squidoo.com,Female,90.17.113.65
17,Kalinda,Bedbrough,kbedbroughg@goo.gl,Female,57.205.8.119
18,Sheila,Rosenau,srosenauh@dailymail.co.uk,Female,202.230.31.56
19,Tom,Baughn,tbaughni@de.vu,Male,193.172.141.74
20,Bernete,Arnull,barnullj@nymag.com,Female,64.205.115.172
21,Erin,Lipson,elipsonk@pinterest.com,Male,125.52.10.208
22,Shirleen,Antoniutti,santoniuttil@tumblr.com,Female,207.123.11.14
23,Jermaine,Balasin,jbalasinm@fda.gov,Female,0.71.169.222
24,Dewey,Neissen,dneissenn@infoseek.co.jp,Male,246.1.198.222
25,Gifford,Bliben,gblibeno@example.com,Male,97.54.86.13
26,Hatti,Bauduccio,hbauducciop@ebay.com,Female,27.152.220.198
27,Milton,Sibbs,msibbsq@cbc.ca,Male,37.56.236.182
28,Lenora,Alejandri,lalejandrir@accuweather.com,Female,226.141.217.41
29,Chad,Caney,ccaneys@nature.com,Agender,98.204.202.245
30,Lorettalorna,Sichardt,lsichardtt@tripod.com,Female,76.3.114.241
31,Roxie,Bragginton,rbraggintonu@xing.com,Female,247.218.201.105
32,Gareth,Kellart,gkellartv@google.de,Male,209.123.254.250
33,Jeddy,Launchbury,jlaunchburyw@ed.gov,Male,232.30.231.241
34,Nye,Spoor,nspoorx@ca.gov,Male,49.36.161.247
35,Marylou,Jecock,mjecocky@51.la,Female,216.218.39.21
36,Malva,Gludor,mgludorz@va.gov,Female,200.181.107.230
37,Daisi,Beardmore,dbeardmore10@quantcast.com,Genderfluid,252.57.120.232
38,Latrena,Jacobssen,ljacobssen11@weather.com,Female,151.159.7.9
39,Iseabal,Darke,idarke12@is.gd,Female,222.241.32.221
40,Vida,Baskett,vbaskett13@ow.ly,Female,163.234.231.25
41,Haley,Gergher,hgergher14@cdbaby.com,Male,174.6.209.223
42,Sallee,Moverley,smoverley15@creativecommons.org,Female,156.114.63.226
43,Chelsae,Andrioletti,candrioletti16@blogtalkradio.com,Female,252.110.102.178
44,Danica,McKilroe,dmckilroe17@zimbio.com,Female,178.87.120.50
45,Corrina,Goseling,cgoseling18@craigslist.org,Non-binary,102.69.103.228
46,Roselle,Capell,rcapell19@blogtalkradio.com,Non-binary,16.243.41.49
47,Titos,Ronaghan,tronaghan1a@flickr.com,Genderfluid,234.133.74.193
48,Hershel,Macon,hmacon1b@storify.com,Bigender,2.27.207.51
49,Damiano,Corington,dcorington1c@privacy.gov.au,Male,227.158.27.10
50,Maure,Uccello,muccello1d@cam.ac.uk,Female,250.216.97.251
51,Elisha,Cochrane,ecochrane1e@cnn.com,Male,248.130.198.77
52,Krisha,Dearell,kdearell1f@yale.edu,Male,114.85.211.71
53,Connor,Rigeby,crigeby1g@paginegialle.it,Male,9.205.103.119
54,Nathanael,Antcliff,nantcliff1h@pbs.org,Male,75.128.135.35
55,Mufinella,Beidebeke,mbeidebeke1i@ebay.co.uk,Female,237.166.231.138
56,Charlie,Lawton,clawton1j@toplist.cz,Agender,159.111.143.229
57,Dacia,Cartledge,dcartledge1k@hc360.com,Female,13.153.241.3
58,Daune,Rassell,drassell1l@hhs.gov,Female,190.92.139.6
59,Shelli,McGawn,smcgawn1m@w3.org,Female,154.166.65.187
60,Durand,Nials,dnials1n@ebay.com,Non-binary,175.111.155.153
61,Adan,Ruckledge,aruckledge1o@goo.ne.jp,Male,47.117.238.94
62,Edyth,Bamlet,ebamlet1p@phoca.cz,Female,3.107.33.127
63,Stormy,Delyth,sdelyth1q@patch.com,Female,41.33.105.217
64,Leia,Kuhlen,lkuhlen1r@51.la,Female,251.190.25.4
65,Ninetta,Daw,ndaw1s@phpbb.com,Female,30.140.25.78
66,Yehudit,Bellfield,ybellfield1t@cyberchimps.com,Male,154.3.2.185
67,Simonne,Swaisland,sswaisland1u@uol.com.br,Female,157.251.141.225
68,Dulcy,Backwell,dbackwell1v@flickr.com,Female,222.49.42.250
69,Ara,Stienton,astienton1w@tripadvisor.com,Female,237.174.19.73
70,Irwinn,Chinn,ichinn1x@ovh.net,Male,82.59.60.158
71,Jeffie,Rippen,jrippen1y@xinhuanet.com,Male,242.143.130.75
72,Gradeigh,Woodyer,gwoodyer1z@ovh.net,Male,243.104.213.193
73,Danice,Smurthwaite,dsmurthwaite20@archive.org,Female,40.191.80.148
74,Dari,Rock,drock21@netvibes.com,Agender,174.36.140.71
75,Martica,Eager,meager22@merriam-webster.com,Female,38.165.218.191
76,Marty,Hourstan,mhourstan23@netscape.com,Female,184.199.214.91
77,Derril,Peasgood,dpeasgood24@boston.com,Male,25.37.237.235
78,Jonah,Antognoni,jantognoni25@goodreads.com,Male,123.13.104.146
79,Karlotte,Buncom,kbuncom26@usgs.gov,Genderfluid,178.51.240.110
80,Therine,Bastian,tbastian27@cnn.com,Genderqueer,27.63.159.125
81,Travis,Mullin,tmullin28@google.de,Male,140.59.76.151
82,Fawnia,Barsam,fbarsam29@dot.gov,Female,52.158.217.192
83,Arturo,Moore,amoore2a@canalblog.com,Male,175.201.47.162
84,Morena,Lehenmann,mlehenmann2b@woothemes.com,Female,251.100.146.80
85,Lauryn,Rigeby,lrigeby2c@chron.com,Female,82.117.231.199
86,Olly,Pegden,opegden2d@geocities.com,Female,13.247.178.186
87,Melissa,Lamberto,mlamberto2e@about.com,Genderfluid,207.167.102.250
88,Billi,Woollhead,bwoollhead2f@virginia.edu,Female,32.251.98.196
89,Henrietta,Yakubovics,hyakubovics2g@ucla.edu,Female,203.13.153.177
90,Denny,Castledine,dcastledine2h@about.me,Male,108.174.122.75
91,Ric,Bewshaw,rbewshaw2i@sphinn.com,Male,242.55.176.19
92,Mathew,Whilder,mwhilder2j@auda.org.au,Male,158.19.122.73
93,Tadeo,Champagne,tchampagne2k@statcounter.com,Male,10.159.239.252
94,Scott,Eversfield,seversfield2l@ibm.com,Male,104.238.27.174
95,Kerr,Jime,kjime2m@de.vu,Male,147.140.214.36
96,Holly,O'Curneen,hocurneen2n@privacy.gov.au,Genderfluid,218.91.218.81
97,Rodger,Stait,rstait2o@mail.ru,Male,12.201.116.209
98,Fran,Gallally,fgallally2p@businessweek.com,Female,240.79.182.137
99,Irvin,Frears,ifrears2q@forbes.com,Male,168.84.92.73
100,Tammie,Leddy,tleddy2r@businessinsider.com,Female,176.148.123.79
