id,first_name,last_name,email,gender,ip_address
101,Batsheva,Lyndon,blyndon0@bizjournals.com,Female,197.55.2.21
102,Kellie,McGoldrick,kmcgoldrick1@php.net,Female,194.138.18.156
103,Em,Plumley,eplumley2@behance.net,Female,60.55.90.199
104,Giacinta,Van Bruggen,gvanbruggen3@discuz.net,Female,44.71.116.229
105,Baillie,Counsell,bcounsell4@unblog.fr,Male,27.152.43.27
106,Sarita,Bolens,sbolens5@engadget.com,Female,247.122.119.83
107,Clemmy,O'Harney,coharney6@godaddy.com,Female,161.161.117.217
108,Costa,Corn,ccorn7@google.fr,Male,232.52.0.22
109,Tiler,Pollastro,tpollastro8@who.int,Male,4.36.136.91
110,Hollis,Kinvan,hkinvan9@addtoany.com,Non-binary,6.44.117.178
111,Kati,Malsher,kmalshera@e-recht24.de,Female,143.243.53.92
112,Paige,Rubery,pruberyb@ow.ly,Male,176.216.232.99
113,Giffer,Sliney,gslineyc@sina.com.cn,Male,251.86.99.153
114,Jocko,Warton,jwartond@over-blog.com,Male,225.142.116.123
115,Gaylor,Jessopp,gjessoppe@fc2.com,Male,158.131.50.214
116,Angelika,Ruggen,aruggenf@hibu.com,Polygender,226.143.146.77
117,Bobbye,Tee,bteeg@prlog.org,Female,27.45.195.94
118,Vittorio,Dottridge,vdottridgeh@taobao.com,Male,84.47.155.37
119,Mallory,Bernardeschi,mbernardeschii@pinterest.com,Male,105.101.206.159
120,Lynette,Chudleigh,lchudleighj@noaa.gov,Agender,139.200.228.191
121,Alie,Blackmore,ablackmorek@ifeng.com,Female,147.133.215.96
122,Rabbi,De Mitri,rdemitril@goo.ne.jp,Male,91.113.221.37
123,Armando,O'Currigan,aocurriganm@dropbox.com,Male,157.13.2.253
124,Jennilee,Ygo,jygon@sourceforge.net,Female,230.44.121.226
125,Elfreda,Annon,eannono@wikimedia.org,Female,138.16.246.234
126,Jacinta,Halleybone,jhalleybonep@cnbc.com,Female,30.181.7.74
127,Constantia,Pattlel,cpattlelq@weather.com,Female,51.196.188.108
128,Andi,Wakelin,awakelinr@theatlantic.com,Female,30.141.120.140
129,Daron,Gandy,dgandys@spiegel.de,Non-binary,205.77.111.188
130,Bria,Rodger,brodgert@odnoklassniki.ru,Female,13.232.179.172
131,Orbadiah,Heard,oheardu@spotify.com,Male,42.20.14.130
132,Katusha,Forshaw,kforshawv@technorati.com,Female,78.245.151.122
133,Reuven,MacKilroe,rmackilroew@blogs.com,Male,206.205.109.248
134,Dimitri,Argue,darguex@amazon.de,Male,83.151.148.35
135,Natalina,Crisell,ncriselly@blogs.com,Female,76.251.128.238
136,Phip,Bowmen,pbowmenz@networksolutions.com,Male,15.164.128.146
137,Chaddy,Monument,cmonument10@jimdo.com,Male,99.115.204.87
138,Westbrooke,Rives,wrives11@nytimes.com,Male,254.224.73.116
139,Ferris,Dresse,fdresse12@marriott.com,Male,176.22.236.86
140,Jasmina,Torrisi,jtorrisi13@meetup.com,Bigender,119.114.254.90
141,Russ,Tickel,rtickel14@nps.gov,Male,35.196.53.161
142,Forest,Kienzle,fkienzle15@hatena.ne.jp,Male,9.70.126.226
143,Kamilah,Clixby,kclixby16@t-online.de,Female,171.98.194.217
144,Cheri,Cornelleau,ccornelleau17@imdb.com,Female,199.62.79.189
145,Violetta,Corcoran,vcorcoran18@amazon.de,Female,186.26.24.95
146,Rudd,Pogosian,rpogosian19@economist.com,Male,146.171.58.122
147,Klarika,Jellico,kjellico1a@eventbrite.com,Female,211.103.94.58
148,Aida,Moorrud,amoorrud1b@newsvine.com,Female,204.122.229.114
149,Angus,Garnson,agarnson1c@hexun.com,Male,124.217.163.34
150,Loella,Castanyer,lcastanyer1d@google.es,Genderqueer,12.152.163.47
151,Kiersten,Tempest,ktempest1e@theatlantic.com,Female,88.132.108.186
152,Janek,Turtle,jturtle1f@oakley.com,Male,73.86.177.75
153,Filbert,Maggiori,fmaggiori1g@cam.ac.uk,Genderqueer,253.244.131.61
154,Saxe,Dello,sdello1h@smugmug.com,Male,214.137.115.172
155,Al,Cressy,acressy1i@cmu.edu,Male,151.71.50.14
156,La verne,Birmingham,lbirmingham1j@redcross.org,Female,102.54.203.184
157,Shirline,Santore,ssantore1k@youtu.be,Female,179.83.118.86
158,Allard,Bris,abris1l@topsy.com,Male,63.194.25.28
159,Dory,Biskupski,dbiskupski1m@youtu.be,Agender,203.161.77.141
160,Gipsy,Puzey,gpuzey1n@flavors.me,Female,124.132.222.139
161,Nappie,Gerdes,ngerdes1o@ning.com,Male,79.95.153.88
162,Dory,Bevir,dbevir1p@so-net.ne.jp,Female,205.84.4.249
163,Udell,Gatecliff,ugatecliff1q@miibeian.gov.cn,Male,103.100.146.202
164,Tobi,Morrow,tmorrow1r@symantec.com,Female,207.249.57.180
165,Chantalle,Inmett,cinmett1s@hostgator.com,Female,132.44.115.228
166,Prudy,Engall,pengall1t@census.gov,Female,227.196.224.183
167,Corine,McGowran,cmcgowran1u@nymag.com,Female,35.150.244.195
168,Giulia,Waldie,gwaldie1v@irs.gov,Female,169.178.28.29
169,Lazar,Pick,lpick1w@dyndns.org,Male,214.149.93.127
170,Selena,Hylton,shylton1x@clickbank.net,Female,232.100.47.167
171,Hali,Jenno,hjenno1y@ifeng.com,Female,148.62.198.250
172,Maxim,Whitaker,mwhitaker1z@webnode.com,Male,4.240.157.37
173,Demetrius,Cathery,dcathery20@reference.com,Male,195.93.38.204
174,Tobie,Baltrushaitis,tbaltrushaitis21@over-blog.com,Male,235.186.214.91
175,Tildi,Lettuce,tlettuce22@feedburner.com,Female,242.224.244.226
176,Elita,Quince,equince23@blogs.com,Agender,97.41.220.82
177,Jedediah,Axford,jaxford24@barnesandnoble.com,Male,117.9.49.253
178,Sophia,Tredget,stredget25@xing.com,Female,115.48.120.155
179,Bradney,Toplin,btoplin26@blogs.com,Male,137.240.69.90
180,Gaile,Vynehall,gvynehall27@hao123.com,Male,118.160.210.212
181,Quint,Stace,qstace28@noaa.gov,Male,108.228.117.239
182,Cate,Kohn,ckohn29@wiley.com,Female,220.190.71.18
183,Joanna,Cawsy,jcawsy2a@unc.edu,Female,76.193.12.170
184,Huntlee,Renhard,hrenhard2b@ebay.com,Male,109.39.26.85
185,Nola,Fitch,nfitch2c@businessinsider.com,Female,200.17.43.90
186,Seth,Essex,sessex2d@sohu.com,Male,34.213.228.55
187,Sondra,Chapell,schapell2e@seesaa.net,Female,205.84.51.57
188,Horatio,Holby,hholby2f@feedburner.com,Male,194.167.105.24
189,Aimil,Le Noir,alenoir2g@addtoany.com,Female,125.121.136.197
190,Dev,Matura,dmatura2h@ed.gov,Male,2.32.20.162
191,Rosemarie,Mitrikhin,rmitrikhin2i@time.com,Female,151.9.41.123
192,Cami,Beadnell,cbeadnell2j@addthis.com,Agender,94.248.121.108
193,Donall,Kubelka,dkubelka2k@washington.edu,Male,171.191.172.65
194,Richart,Deering,rdeering2l@tuttocitta.it,Polygender,231.170.123.56
195,Rudolfo,Farlambe,rfarlambe2m@china.com.cn,Male,118.27.158.79
196,Pepito,Polino,ppolino2n@ox.ac.uk,Male,169.5.73.164
197,Anthea,Boal,aboal2o@unc.edu,Female,194.221.110.79
198,Clarissa,Sarra,csarra2p@microsoft.com,Female,224.46.81.201
199,Kinna,Dearden,kdearden2q@sciencedaily.com,Female,7.136.123.50
200,Rogerio,Rodd,rrodd2r@pcworld.com,Male,119.137.199.105
201,Sybil,Patis,spatis2s@tumblr.com,Female,34.20.31.189
202,Myrilla,Sprade,msprade2t@abc.net.au,Female,224.146.136.128
203,Shannah,Thomkins,sthomkins2u@cam.ac.uk,Female,142.20.72.111
204,Anatol,Ganniclifft,aganniclifft2v@chronoengine.com,Male,152.111.79.212
205,Robin,Markussen,rmarkussen2w@mac.com,Female,70.170.219.163
206,Barbie,Justis,bjustis2x@irs.gov,Female,58.100.180.218
207,Stacee,Nystrom,snystrom2y@smh.com.au,Male,98.13.221.174
208,Niels,Ruthen,nruthen2z@webmd.com,Male,250.44.246.39
209,Liza,Reisenberg,lreisenberg30@cyberchimps.com,Female,222.112.11.48
210,Cesya,Pease,cpease31@soundcloud.com,Female,113.89.239.107
211,Camile,Greatham,cgreatham32@i2i.jp,Female,248.22.0.110
212,Tito,Guyonnet,tguyonnet33@engadget.com,Male,15.229.118.53
213,Milissent,Liveing,mliveing34@posterous.com,Female,90.251.243.81
214,Myrtie,Foucher,mfoucher35@cargocollective.com,Female,44.90.220.11
215,Cash,Skermer,cskermer36@ihg.com,Male,83.243.186.218
216,Si,Secret,ssecret37@chronoengine.com,Agender,44.213.16.115
217,Valentine,Goodanew,vgoodanew38@loc.gov,Female,220.55.30.92
218,Ashlin,Bennetts,abennetts39@yellowbook.com,Male,200.46.29.104
219,Wendel,Francois,wfrancois3a@lycos.com,Male,30.51.231.96
220,Nolie,Nansom,nnansom3b@nba.com,Female,250.43.150.215
221,Mira,MacCollom,mmaccollom3c@networksolutions.com,Genderfluid,225.73.116.28
222,Dudley,Willowby,dwillowby3d@nydailynews.com,Agender,25.44.66.5
223,Shaun,Vibert,svibert3e@gnu.org,Male,10.174.222.196
224,Wandis,Brychan,wbrychan3f@a8.net,Female,94.5.202.128
225,Bailey,Thurston,bthurston3g@free.fr,Male,8.245.0.209
226,Skippy,Caws,scaws3h@kickstarter.com,Male,243.150.96.205
227,Bran,Forsey,bforsey3i@cisco.com,Male,227.18.200.226
228,Eward,Carillo,ecarillo3j@mediafire.com,Male,131.133.32.93
229,Samara,Kelloway,skelloway3k@opensource.org,Female,38.167.28.237
230,Eydie,Nottram,enottram3l@cpanel.net,Female,135.47.173.112
231,Sher,Burrage,sburrage3m@digg.com,Female,124.22.167.75
232,Berny,Muckley,bmuckley3n@phoca.cz,Female,199.188.38.175
233,Alister,Sommerly,asommerly3o@ycombinator.com,Male,1.84.67.105
234,Dione,Stannus,dstannus3p@mail.ru,Female,143.181.214.83
235,Iggy,Riatt,iriatt3q@posterous.com,Non-binary,49.175.215.244
236,Wileen,Trengove,wtrengove3r@joomla.org,Female,50.223.174.77
237,Ira,Duggen,iduggen3s@washingtonpost.com,Male,20.86.215.6
238,Kalli,Cosgry,kcosgry3t@homestead.com,Female,73.68.86.174
239,Pablo,Heales,pheales3u@qq.com,Genderfluid,162.91.206.94
240,Roosevelt,Bogue,rbogue3v@cyberchimps.com,Male,138.15.124.229
241,Anabel,Kellog,akellog3w@goodreads.com,Female,51.127.165.242
242,Leif,Cudihy,lcudihy3x@about.me,Male,160.42.188.81
243,Barde,O'Kieran,bokieran3y@joomla.org,Male,195.189.123.2
244,Natassia,Boik,nboik3z@artisteer.com,Female,88.179.162.175
245,Dorian,Yarmouth,dyarmouth40@hp.com,Female,15.249.68.54
246,Lazaro,Butters,lbutters41@illinois.edu,Male,42.54.187.199
247,Tam,Janoschek,tjanoschek42@1688.com,Male,157.2.226.249
248,Hamish,Bacher,hbacher43@mozilla.org,Male,143.95.23.41
249,Marcelline,Dobeson,mdobeson44@weibo.com,Female,10.38.74.114
250,Krystyna,Apedaile,kapedaile45@go.com,Female,185.3.53.47
251,Birdie,Gieves,bgieves46@nbcnews.com,Female,109.193.146.161
252,Marena,Chastey,mchastey47@nyu.edu,Female,110.202.212.200
253,Merv,Dawtry,mdawtry48@canalblog.com,Male,89.97.196.247
254,Diannne,Hooban,dhooban49@sina.com.cn,Female,120.17.82.254
255,Friedrick,Leask,fleask4a@tumblr.com,Male,171.79.232.89
256,Claudianus,Tamburo,ctamburo4b@google.nl,Male,198.128.114.84
257,Jolie,Tamblyn,jtamblyn4c@nydailynews.com,Female,248.40.144.119
258,Danila,Chessell,dchessell4d@nationalgeographic.com,Genderfluid,218.24.233.193
259,Egbert,Gravey,egravey4e@live.com,Male,83.233.6.73
260,Aleece,Leversha,aleversha4f@shareasale.com,Female,70.55.143.113
261,Barri,Pieters,bpieters4g@1und1.de,Male,34.52.90.253
262,Quillan,Ebenezer,qebenezer4h@salon.com,Male,97.141.185.50
263,Selia,Hasluck,shasluck4i@netlog.com,Genderfluid,45.122.41.106
264,Marcellus,Puller,mpuller4j@flavors.me,Male,28.226.202.68
265,Cyndi,Varley,cvarley4k@japanpost.jp,Female,119.188.255.195
266,Cletis,Dresche,cdresche4l@sbwire.com,Male,68.197.112.66
267,Jaymee,Dove,jdove4m@ovh.net,Female,191.35.213.166
268,Yvor,Swindall,yswindall4n@g.co,Male,211.180.232.18
269,Ingamar,Beaudry,ibeaudry4o@forbes.com,Male,35.101.228.171
270,Sanders,Beathem,sbeathem4p@sohu.com,Male,216.198.62.141
271,Fernandina,Mathonnet,fmathonnet4q@reverbnation.com,Bigender,170.223.97.156
272,Geno,Chinge,gchinge4r@alexa.com,Male,241.40.5.193
273,Rivi,Lenz,rlenz4s@seattletimes.com,Female,169.15.128.133
274,Buddy,Bazely,bbazely4t@wufoo.com,Genderqueer,38.184.105.249
275,Martguerita,Ostridge,mostridge4u@webeden.co.uk,Female,161.22.66.89
276,Chantal,Skilton,cskilton4v@hao123.com,Female,245.81.1.36
277,Pincas,Rosebotham,prosebotham4w@businessinsider.com,Male,219.182.227.44
278,Kennedy,Marzellano,kmarzellano4x@mapy.cz,Non-binary,46.232.119.109
279,Corinne,Baudin,cbaudin4y@bigcartel.com,Female,177.206.38.163
280,Lilli,Michallat,lmichallat4z@mashable.com,Non-binary,251.177.88.145
281,Lenora,Lampert,llampert50@tumblr.com,Female,157.131.252.167
282,Thurston,Lidden,tlidden51@deviantart.com,Male,117.86.253.14
283,Domenic,Normanell,dnormanell52@vk.com,Male,77.211.83.6
284,Piggy,Moughton,pmoughton53@google.it,Male,189.239.37.118
285,Anastasia,Chalcot,achalcot54@prnewswire.com,Female,92.220.246.227
286,Connie,Sale,csale55@oakley.com,Male,145.32.225.145
287,Emmalynne,Althrope,ealthrope56@tamu.edu,Female,210.193.5.210
288,Bengt,Solan,bsolan57@kickstarter.com,Male,90.35.246.232
289,Jecho,Vasilmanov,jvasilmanov58@deliciousdays.com,Male,205.92.207.58
290,Skip,Dreng,sdreng59@over-blog.com,Male,125.46.26.170
291,Gabe,Medendorp,gmedendorp5a@jalbum.net,Male,36.253.211.123
292,Tremain,Perle,tperle5b@mtv.com,Male,199.172.113.246
293,Dosi,Leworthy,dleworthy5c@dropbox.com,Female,165.169.176.164
294,Silvana,Tamblyn,stamblyn5d@google.com.au,Female,105.239.57.198
295,Yolande,Beamand,ybeamand5e@nyu.edu,Female,79.165.188.139
296,Camala,Mocker,cmocker5f@senate.gov,Female,72.40.50.174
297,Archer,McGlone,amcglone5g@kickstarter.com,Male,164.117.194.88
298,Phineas,Hansell,phansell5h@51.la,Male,5.202.147.12
299,Harli,Wellesley,hwellesley5i@taobao.com,Female,198.230.251.254
300,Mac,Dedney,mdedney5j@wikipedia.org,Male,129.211.57.175
301,Lulita,Brosi,lbrosi5k@youku.com,Female,241.175.124.132
302,Roch,Crame,rcrame5l@gov.uk,Polygender,71.12.53.102
303,Teresa,Raulstone,traulstone5m@friendfeed.com,Female,180.169.201.91
304,Christa,Estoile,cestoile5n@smugmug.com,Female,245.178.172.174
305,Warner,Donnan,wdonnan5o@mozilla.com,Male,105.56.240.143
306,Harp,Kershaw,hkershaw5p@hibu.com,Male,38.213.183.239
307,Chadwick,Tunaclift,ctunaclift5q@mozilla.com,Male,18.132.35.132
308,Tammi,Jaqueminet,tjaqueminet5r@studiopress.com,Genderfluid,180.127.91.95
309,Tobe,Lorait,tlorait5s@webeden.co.uk,Male,189.229.248.129
310,Sharla,Hatchette,shatchette5t@wikipedia.org,Bigender,121.92.148.206
311,Fionnula,Schettini,fschettini5u@phpbb.com,Female,185.113.181.162
312,Bertrando,Youdell,byoudell5v@loc.gov,Male,125.24.28.33
313,Harwell,Velten,hvelten5w@blog.com,Male,81.86.79.203
314,Frazier,Plesing,fplesing5x@usnews.com,Male,51.193.180.140
315,Zelig,Early,zearly5y@chron.com,Male,151.250.176.111
316,Ivett,Riccardi,iriccardi5z@oaic.gov.au,Female,24.226.192.57
317,Martha,Basile,mbasile60@epa.gov,Female,253.73.131.192
318,Duke,Weaving,dweaving61@com.com,Male,11.125.212.206
319,Dorise,Luna,dluna62@nhs.uk,Female,154.26.60.211
320,Riannon,Klarzynski,rklarzynski63@biglobe.ne.jp,Genderqueer,192.242.163.246
321,Karoline,Skurray,kskurray64@cbsnews.com,Female,52.171.39.150
322,Curry,Immer,cimmer65@pagesperso-orange.fr,Male,89.22.140.131
323,Carmelina,Petersen,cpetersen66@mtv.com,Female,165.147.3.219
324,Joseito,Ashingden,jashingden67@networkadvertising.org,Male,160.10.132.12
325,Shaughn,Perree,sperree68@acquirethisname.com,Male,128.83.41.43
326,Johna,Devoy,jdevoy69@seesaa.net,Female,36.179.213.126
327,Nathanil,Barraclough,nbarraclough6a@about.com,Male,108.130.187.22
328,Niko,McCaighey,nmccaighey6b@blog.com,Male,244.198.247.217
329,Glynn,Valenta,gvalenta6c@tinyurl.com,Male,65.231.170.146
330,Jackquelin,Corter,jcorter6d@cdc.gov,Female,171.169.21.196
331,Irwin,Couvert,icouvert6e@shinystat.com,Male,206.11.183.91
332,Shelby,Conechie,sconechie6f@ted.com,Male,116.60.95.156
333,Townsend,Saffill,tsaffill6g@soundcloud.com,Genderfluid,22.64.45.197
334,Chan,Scotchbrook,cscotchbrook6h@answers.com,Male,110.78.59.51
335,Christa,Delaney,cdelaney6i@statcounter.com,Female,23.108.129.27
336,Emalee,De Giorgis,edegiorgis6j@reverbnation.com,Female,248.175.192.110
337,Kristoforo,Cridlan,kcridlan6k@eepurl.com,Male,197.212.240.200
338,Gordy,McIver,gmciver6l@discovery.com,Male,70.130.215.79
339,Ranna,Swatheridge,rswatheridge6m@dagondesign.com,Female,35.109.120.217
340,Codi,Issac,cissac6n@yellowbook.com,Polygender,209.12.188.73
341,Ricki,Saunders,rsaunders6o@webeden.co.uk,Male,156.58.252.142
342,Birdie,Koppens,bkoppens6p@state.gov,Non-binary,65.90.203.245
343,Kore,Angood,kangood6q@google.com.br,Female,106.11.248.51
344,Jeremias,Lombardo,jlombardo6r@artisteer.com,Male,105.139.233.205
345,Chastity,Loughrey,cloughrey6s@eepurl.com,Agender,177.176.1.14
346,Ferrell,Blampey,fblampey6t@timesonline.co.uk,Male,157.14.79.140
347,Terri,Camfield,tcamfield6u@imgur.com,Male,44.102.227.122
348,Percival,Whorlton,pwhorlton6v@wunderground.com,Male,169.86.113.100
349,Israel,Skey,iskey6w@answers.com,Male,27.207.189.122
350,Morty,Petroff,mpetroff6x@taobao.com,Male,148.248.60.107
351,Elnar,Richings,erichings6y@ebay.co.uk,Male,200.64.211.23
352,Serene,Papierz,spapierz6z@chron.com,Female,6.122.76.184
353,Kaleena,Wedmore.,kwedmore70@blogs.com,Female,224.23.1.237
354,Elane,Darlaston,edarlaston71@1688.com,Female,253.127.27.149
355,Biddy,Kuschek,bkuschek72@linkedin.com,Female,31.214.253.252
356,Gottfried,Shannahan,gshannahan73@squarespace.com,Male,180.28.48.32
357,Ola,Carlett,ocarlett74@booking.com,Female,144.166.241.233
358,Leif,Ashness,lashness75@sourceforge.net,Male,129.156.171.13
359,Jilly,Gasparro,jgasparro76@spotify.com,Female,148.244.229.69
360,Adel,Ruselin,aruselin77@prnewswire.com,Female,56.233.150.178
361,Aldwin,Mohammad,amohammad78@cornell.edu,Male,109.78.137.230
362,Natalie,Mant,nmant79@yellowbook.com,Female,23.113.232.39
363,Breena,Boar,bboar7a@state.gov,Female,246.6.57.215
364,Elfreda,Westfalen,ewestfalen7b@berkeley.edu,Female,24.187.110.250
365,Esdras,Aaronson,eaaronson7c@discuz.net,Agender,197.202.234.174
366,Rubie,Shoulder,rshoulder7d@home.pl,Female,127.232.67.239
367,Mano,Slowly,mslowly7e@gnu.org,Male,77.62.81.192
368,Husein,Wych,hwych7f@google.ca,Male,147.130.194.220
369,Deni,Blewis,dblewis7g@furl.net,Female,229.102.149.197
370,Devan,Base,dbase7h@ft.com,Female,52.43.44.143
371,Marge,Quantrill,mquantrill7i@goo.gl,Female,224.136.100.11
372,Pepi,Owbrick,powbrick7j@mayoclinic.com,Female,216.187.20.48
373,Bibby,Shyram,bshyram7k@squarespace.com,Female,18.150.93.83
374,Monti,Walsom,mwalsom7l@themeforest.net,Male,175.197.46.206
375,Brit,Hague,bhague7m@opensource.org,Female,177.17.92.202
376,Kenneth,Barde,kbarde7n@ox.ac.uk,Male,102.57.2.48
377,Mahmoud,Hildrew,mhildrew7o@nature.com,Male,24.128.5.114
378,Corena,McNee,cmcnee7p@vimeo.com,Female,84.66.173.216
379,Yule,Roblin,yroblin7q@yellowpages.com,Male,158.180.250.95
380,Goldarina,Morad,gmorad7r@e-recht24.de,Female,25.113.11.102
381,Loren,Benjafield,lbenjafield7s@kickstarter.com,Polygender,255.2.141.158
382,Hedda,Kowalik,hkowalik7t@soundcloud.com,Female,170.242.252.232
383,Davy,Cabrales,dcabrales7u@histats.com,Male,10.180.221.163
384,Catha,Kitcher,ckitcher7v@jalbum.net,Bigender,142.239.246.111
385,Lew,Skelington,lskelington7w@goodreads.com,Male,136.120.143.42
386,Verena,Tucknutt,vtucknutt7x@theguardian.com,Female,131.204.120.15
387,Ardra,Watters,awatters7y@about.me,Female,95.18.145.95
388,Shane,Haddow,shaddow7z@tripadvisor.com,Polygender,146.242.113.104
389,Clarette,Joire,cjoire80@google.fr,Female,163.45.202.213
390,Robyn,Syncke,rsyncke81@unc.edu,Female,56.182.201.9
391,Jordana,Glyn,jglyn82@over-blog.com,Female,16.235.254.237
392,Jo ann,Dobbinson,jdobbinson83@surveymonkey.com,Agender,107.66.67.200
393,Grange,Sinderson,gsinderson84@rediff.com,Male,233.218.125.183
394,Preston,Hardi,phardi85@irs.gov,Male,182.65.140.251
395,Konstantine,Leithgoe,kleithgoe86@naver.com,Male,244.135.95.0
396,Lisha,Meredyth,lmeredyth87@nasa.gov,Female,135.72.215.156
397,Patty,Georgins,pgeorgins88@skyrock.com,Female,163.108.214.140
398,Katharyn,Eckhard,keckhard89@state.gov,Female,90.210.196.185
399,Natalina,Antonignetti,nantonignetti8a@smh.com.au,Female,146.9.241.105
400,Stevena,Foresight,sforesight8b@examiner.com,Bigender,175.9.142.244
401,Fredra,Lawday,flawday8c@mit.edu,Female,87.161.156.48
402,Lion,Farnan,lfarnan8d@cbslocal.com,Male,98.110.170.105
403,Ned,Wrankmore,nwrankmore8e@zdnet.com,Male,228.190.254.56
404,Bryn,Aldwick,baldwick8f@indiegogo.com,Male,91.27.155.97
405,Appolonia,Cathie,acathie8g@ucoz.ru,Female,189.213.211.178
406,Francois,Hovenden,fhovenden8h@reverbnation.com,Male,70.143.252.20
407,Ingra,Ballchin,iballchin8i@e-recht24.de,Male,110.98.119.162
408,Hermann,Poxon,hpoxon8j@so-net.ne.jp,Male,138.123.44.216
409,Bessy,Whenman,bwhenman8k@angelfire.com,Female,189.6.171.92
410,Merle,Pragnell,mpragnell8l@flickr.com,Male,37.231.226.126
411,Shirline,Corkill,scorkill8m@walmart.com,Female,134.209.3.167
412,Marthena,Fenlon,mfenlon8n@upenn.edu,Female,65.203.33.247
413,Carmelita,Kolak,ckolak8o@wikia.com,Female,18.205.119.120
414,Nari,Sidsaff,nsidsaff8p@cam.ac.uk,Female,247.62.13.13
415,Alasteir,Yellowlee,ayellowlee8q@senate.gov,Male,166.245.56.125
416,Melony,Lohmeyer,mlohmeyer8r@google.com.au,Female,107.38.232.128
417,Hastings,Badgers,hbadgers8s@istockphoto.com,Male,194.65.218.138
418,Valeria,Brient,vbrient8t@wired.com,Female,171.77.8.149
419,Ximenez,Pretsell,xpretsell8u@independent.co.uk,Male,144.127.120.30
420,Silvester,Ferraro,sferraro8v@dagondesign.com,Male,181.134.37.252
421,Cliff,Handsheart,chandsheart8w@addtoany.com,Male,35.136.204.240
422,Nicolas,Simonetti,nsimonetti8x@economist.com,Male,73.150.102.108
423,Benoite,Gantley,bgantley8y@squidoo.com,Female,19.191.233.199
424,Elysee,Kruszelnicki,ekruszelnicki8z@sbwire.com,Female,214.229.54.22
425,Cacilie,Heffernan,cheffernan90@mtv.com,Female,94.4.35.10
426,Hazel,Dacre,hdacre91@ucoz.ru,Genderfluid,121.125.125.207
427,Barri,MacMorland,bmacmorland92@apple.com,Male,113.71.211.161
428,Sergei,Lile,slile93@noaa.gov,Male,5.11.104.62
429,Krista,Mynott,kmynott94@oakley.com,Female,105.4.146.218
430,Laryssa,Antoniutti,lantoniutti95@yale.edu,Female,158.246.230.146
431,Alec,Harwin,aharwin96@toplist.cz,Male,97.92.231.217
432,Johnath,Popelay,jpopelay97@thetimes.co.uk,Female,197.7.56.128
433,Cicely,Barthelet,cbarthelet98@g.co,Female,140.156.94.252
434,Morena,Dagnall,mdagnall99@mtv.com,Female,82.153.180.55
435,Cassondra,Eschelle,ceschelle9a@shop-pro.jp,Female,201.197.148.159
436,Sheffy,Hegge,shegge9b@virginia.edu,Male,54.105.23.81
437,Sargent,Eshelby,seshelby9c@foxnews.com,Male,10.24.122.65
438,Amanda,Nightingale,anightingale9d@state.gov,Female,15.159.81.82
439,Reinwald,Harce,rharce9e@indiegogo.com,Male,163.64.200.11
440,Jason,McMonies,jmcmonies9f@liveinternet.ru,Male,247.159.32.17
441,Novelia,Scragg,nscragg9g@sohu.com,Female,148.19.80.32
442,Adaline,Alesbrook,aalesbrook9h@prlog.org,Female,163.64.72.234
443,Cob,Matashkin,cmatashkin9i@bizjournals.com,Male,70.64.47.91
444,Alastair,Semkins,asemkins9j@ucsd.edu,Male,193.139.68.36
445,Megan,Jacobsz,mjacobsz9k@squarespace.com,Female,79.44.144.126
446,Trixi,Ilsley,tilsley9l@virginia.edu,Female,210.208.9.105
447,Tynan,Klejna,tklejna9m@naver.com,Male,36.134.208.190
448,Jo-anne,Rosle,jrosle9n@cnn.com,Non-binary,253.69.127.56
449,Madison,Saterweyte,msaterweyte9o@accuweather.com,Male,79.0.25.216
450,Hamil,Ellcock,hellcock9p@phoca.cz,Male,166.191.138.131
451,Juana,Pourveer,jpourveer9q@4shared.com,Female,54.138.156.4
452,Neille,Bedow,nbedow9r@storify.com,Non-binary,138.68.9.56
453,Shauna,Elson,selson9s@fema.gov,Female,137.180.42.52
454,Alyss,Aps,aaps9t@biblegateway.com,Female,44.44.179.184
455,Lucias,Hollyman,lhollyman9u@mysql.com,Male,237.209.20.133
456,Darla,Allday,dallday9v@shinystat.com,Female,150.13.180.210
457,Juliette,Fontanet,jfontanet9w@ocn.ne.jp,Female,2.47.27.121
458,Lyndsay,Kopecka,lkopecka9x@hud.gov,Female,42.254.58.99
459,Denny,Lamport,dlamport9y@nih.gov,Polygender,125.35.218.196
460,Zarla,Whiff,zwhiff9z@nih.gov,Female,47.80.114.72
461,Hillyer,Babonau,hbabonaua0@trellian.com,Male,205.244.90.223
462,Dukey,Pendall,dpendalla1@ezinearticles.com,Male,120.138.83.196
463,Creight,Gallety,cgalletya2@ifeng.com,Male,165.118.45.81
464,Valera,Gynne,vgynnea3@google.es,Female,155.112.142.241
465,Kahaleel,Lapthorn,klapthorna4@nydailynews.com,Genderfluid,20.1.194.227
466,Misty,O'Gleasane,mogleasanea5@icio.us,Female,210.60.92.187
467,Sibbie,Tirrell,stirrella6@w3.org,Female,7.204.190.138
468,Keefer,Beglin,kbeglina7@vk.com,Male,147.11.123.66
469,Gardner,Fiddymont,gfiddymonta8@cdbaby.com,Male,148.161.230.72
470,Johna,Romera,jromeraa9@photobucket.com,Female,75.3.203.64
471,Lani,Prigmore,lprigmoreaa@yandex.ru,Bigender,97.90.216.62
472,Cosette,Giffon,cgiffonab@github.com,Female,117.187.136.15
473,Lizzy,Ebbotts,lebbottsac@joomla.org,Female,0.33.25.46
474,Hildagarde,Rive,hrivead@163.com,Female,229.221.219.161
475,Caresse,Maase,cmaaseae@devhub.com,Female,47.109.156.128
476,Theadora,Lyte,tlyteaf@chicagotribune.com,Female,139.54.244.85
477,Vonny,Heinsh,vheinshag@loc.gov,Female,151.221.77.226
478,Rosco,Skyrme,rskyrmeah@un.org,Male,244.68.77.114
479,Megen,Tingey,mtingeyai@mtv.com,Female,98.212.43.221
480,Agneta,Aery,aaeryaj@typepad.com,Female,2.230.178.88
481,Penrod,Byllam,pbyllamak@ocn.ne.jp,Male,32.110.235.58
482,Aleksandr,Bosward,aboswardal@nhs.uk,Male,189.89.18.90
483,Rebecka,MacFadden,rmacfaddenam@technorati.com,Female,54.59.144.48
484,Seward,Gopsell,sgopsellan@stanford.edu,Male,217.29.144.121
485,Hannis,Prewer,hprewerao@admin.ch,Female,101.147.170.116
486,Delores,Brokenbrow,dbrokenbrowap@geocities.com,Female,38.111.76.106
487,Mischa,Worling,mworlingaq@google.nl,Male,87.27.27.62
488,Nan,Hempel,nhempelar@telegraph.co.uk,Female,83.105.173.17
489,Hilton,Skoughman,hskoughmanas@sakura.ne.jp,Male,130.158.218.180
490,Nancy,Ruvel,nruvelat@printfriendly.com,Female,75.246.65.84
491,Roze,Urwin,rurwinau@phoca.cz,Genderfluid,1.32.5.41
492,Ezekiel,Oldmeadow,eoldmeadowav@sohu.com,Male,242.103.129.56
493,Ilaire,Farnill,ifarnillaw@oaic.gov.au,Male,26.43.249.107
494,Phedra,Forman,pformanax@google.nl,Female,243.213.121.232
495,Puff,Bohl,pbohlay@t.co,Male,172.128.36.117
496,Lou,Tudor,ltudoraz@google.com.au,Female,209.57.208.61
497,Magnum,Senussi,msenussib0@washington.edu,Male,249.129.7.22
498,Stella,Mascall,smascallb1@europa.eu,Female,1.38.152.122
499,Robbie,Colleton,rcolletonb2@topsy.com,Female,127.246.233.68
500,Donni,Ferries,dferriesb3@live.com,Female,21.182.29.45
501,Hardy,Georgeot,hgeorgeotb4@sogou.com,Male,78.144.12.182
502,Byrann,Astall,bastallb5@about.me,Polygender,249.133.155.115
503,Ynez,Moult,ymoultb6@prweb.com,Female,119.108.241.29
504,Maria,Harral,mharralb7@meetup.com,Female,202.83.29.0
505,Hervey,Dorkens,hdorkensb8@statcounter.com,Male,117.75.38.165
506,Clarinda,Hixson,chixsonb9@yellowbook.com,Female,168.228.208.33
507,Jarad,Le Surf,jlesurfba@columbia.edu,Male,119.104.209.163
508,Esteban,Quadling,equadlingbb@de.vu,Male,45.66.8.15
509,Kalil,Blaske,kblaskebc@dropbox.com,Male,17.20.5.247
510,Leena,Eynaud,leynaudbd@odnoklassniki.ru,Female,107.206.102.200
511,Erich,Browning,ebrowningbe@dion.ne.jp,Male,231.234.105.160
512,Alister,Mochar,amocharbf@redcross.org,Male,123.138.156.163
513,Hadleigh,Grimme,hgrimmebg@hostgator.com,Male,32.40.113.169
514,Michell,Berns,mbernsbh@scientificamerican.com,Female,216.14.64.249
515,Kellen,Clace,kclacebi@zimbio.com,Female,184.224.70.209
516,Jenni,Aronson,jaronsonbj@barnesandnoble.com,Female,7.146.62.205
517,Sarajane,McGarrie,smcgarriebk@businessweek.com,Female,20.147.73.2
518,Zechariah,Matuszynski,zmatuszynskibl@reference.com,Male,175.22.155.57
519,Katee,Ruffli,krufflibm@rambler.ru,Female,240.70.245.209
520,Chrisse,Prandi,cprandibn@tinypic.com,Male,20.62.9.206
521,Dietrich,Erbe,derbebo@ed.gov,Male,106.158.243.230
522,Emanuele,Bewsy,ebewsybp@twitpic.com,Male,29.167.117.131
523,Lorilyn,McPaik,lmcpaikbq@w3.org,Female,69.156.251.134
524,Shellysheldon,Burbridge,sburbridgebr@goodreads.com,Male,140.143.84.200
525,Desdemona,Sampson,dsampsonbs@upenn.edu,Female,31.3.15.143
526,Tess,Trundler,ttrundlerbt@epa.gov,Genderfluid,76.152.68.139
527,Shermy,McKerley,smckerleybu@dedecms.com,Male,206.92.233.154
528,Nil,Deftie,ndeftiebv@cpanel.net,Male,102.255.110.176
529,Misti,Abrahim,mabrahimbw@slideshare.net,Female,1.148.170.37
530,Heidie,Stedman,hstedmanbx@cnet.com,Female,198.201.76.39
531,Torre,Gilardi,tgilardiby@paypal.com,Male,157.92.7.209
532,Nell,Gossage,ngossagebz@comsenz.com,Female,62.57.171.235
533,Trev,Todman,ttodmanc0@barnesandnoble.com,Male,236.171.64.53
534,Brian,Gligorijevic,bgligorijevicc1@drupal.org,Male,7.51.46.41
535,Oralie,Matsell,omatsellc2@odnoklassniki.ru,Female,73.246.140.196
536,Philippe,Edgecombe,pedgecombec3@japanpost.jp,Female,44.23.161.168
537,Betta,Boston,bbostonc4@sfgate.com,Female,150.105.149.58
538,Cathrine,Bushell,cbushellc5@behance.net,Female,155.51.69.171
539,Yoshi,Sterman,ystermanc6@nytimes.com,Female,68.28.76.203
540,Alonso,Birckmann,abirckmannc7@dedecms.com,Male,216.126.253.241
541,Hyman,Caffrey,hcaffreyc8@seesaa.net,Male,34.31.34.236
542,Tripp,Ezzy,tezzyc9@cbslocal.com,Male,55.57.222.81
543,Paxton,Sailor,psailorca@angelfire.com,Male,155.97.153.187
544,Brendan,Whittam,bwhittamcb@marketwatch.com,Male,67.169.157.61
545,Rem,Listone,rlistonecc@mac.com,Male,182.248.109.142
546,Layla,Manicomb,lmanicombcd@t-online.de,Female,48.134.241.65
547,Brynn,Antoniazzi,bantoniazzice@mashable.com,Female,61.35.79.97
548,Leodora,Lawson,llawsoncf@dagondesign.com,Female,25.68.182.62
549,Chan,Tothe,ctothecg@devhub.com,Male,245.0.165.78
550,Brig,Musterd,bmusterdch@opensource.org,Male,34.39.48.244
551,Ozzie,Husk,ohuskci@cpanel.net,Male,62.121.181.169
552,Chancey,Siggers,csiggerscj@blinklist.com,Male,60.15.191.243
553,Jeannine,Daniely,jdanielyck@sogou.com,Female,104.207.244.220
554,Elita,Alabastar,ealabastarcl@bravesites.com,Female,84.66.90.254
555,Salem,Duerden,sduerdencm@businessweek.com,Male,177.24.113.25
556,Mufi,Buddington,mbuddingtoncn@indiegogo.com,Bigender,76.147.109.66
557,Theodore,Costell,tcostellco@ed.gov,Male,247.166.211.87
558,Hamil,Lemon,hlemoncp@e-recht24.de,Male,24.128.42.28
559,Sonny,Sandaver,ssandavercq@stanford.edu,Male,181.163.42.73
560,Temp,Safhill,tsafhillcr@twitpic.com,Agender,93.22.68.111
561,Jared,Booij,jbooijcs@va.gov,Male,35.40.232.75
562,Ninette,Moorman,nmoormanct@umich.edu,Non-binary,82.17.144.29
563,Dale,Crewdson,dcrewdsoncu@paypal.com,Female,171.139.0.12
564,Morry,Crunkhorn,mcrunkhorncv@reddit.com,Male,232.245.17.125
565,Talya,Flicker,tflickercw@walmart.com,Female,193.64.21.142
566,Bennie,Bearsmore,bbearsmorecx@desdev.cn,Female,112.250.147.35
567,Coral,Crewes,ccrewescy@accuweather.com,Female,135.191.71.83
568,Jessica,Watkiss,jwatkisscz@chicagotribune.com,Female,109.151.243.58
569,Louella,Feeham,lfeehamd0@hp.com,Female,46.62.163.222
570,Devan,Laffling,dlafflingd1@dailymail.co.uk,Female,237.78.35.248
571,Dilly,Jiles,djilesd2@princeton.edu,Male,157.192.21.211
572,Davita,Winscomb,dwinscombd3@gizmodo.com,Female,44.105.108.5
573,Madalena,Newark,mnewarkd4@ifeng.com,Female,26.87.50.28
574,Baryram,Coughan,bcoughand5@digg.com,Male,29.142.152.136
575,Rebe,Woodyeare,rwoodyeared6@cmu.edu,Female,170.212.209.150
576,Katharina,Conring,kconringd7@usda.gov,Female,34.250.38.73
577,Miran,Grimstead,mgrimsteadd8@cafepress.com,Female,40.113.190.144
578,Ludvig,Brauner,lbraunerd9@squarespace.com,Agender,179.149.6.105
579,Neill,Spellissy,nspellissyda@telegraph.co.uk,Male,255.250.249.191
580,Errol,Teers,eteersdb@pcworld.com,Male,98.227.120.26
581,Maudie,Beddin,mbeddindc@ocn.ne.jp,Female,46.26.253.97
582,Devin,Cairney,dcairneydd@slate.com,Female,203.55.111.246
583,Roxi,Murra,rmurrade@alibaba.com,Female,153.127.10.242
584,Marget,Haspineall,mhaspinealldf@webnode.com,Female,245.102.48.140
585,Luca,Dudman,ldudmandg@google.com.au,Male,122.57.226.160
586,Cyrill,Gisbye,cgisbyedh@wikimedia.org,Male,173.205.71.166
587,Beverie,Blaise,bblaisedi@imgur.com,Female,94.143.53.224
588,Garvey,O'Toole,gotooledj@symantec.com,Male,140.38.22.13
589,Nikolia,Langmead,nlangmeaddk@aboutads.info,Female,197.59.138.226
590,Sybila,Aynsley,saynsleydl@deliciousdays.com,Female,5.83.134.26
591,Harley,Relfe,hrelfedm@nytimes.com,Genderqueer,36.161.118.149
592,Cammy,Sefton,cseftondn@rakuten.co.jp,Non-binary,168.45.69.191
593,Henrieta,Rzehorz,hrzehorzdo@alexa.com,Female,225.103.236.62
594,Markos,Murname,mmurnamedp@liveinternet.ru,Male,243.231.0.90
595,Hermine,Asgodby,hasgodbydq@example.com,Female,147.115.248.8
596,Christi,MacCallester,cmaccallesterdr@tiny.cc,Female,38.209.66.48
597,Elnore,Polk,epolkds@yahoo.co.jp,Female,162.99.104.99
598,Beth,Avramovsky,bavramovskydt@google.com.hk,Genderqueer,186.246.90.14
599,Shaughn,O'Doohaine,sodoohainedu@drupal.org,Male,136.77.137.166
600,Mordy,Tinto,mtintodv@slate.com,Male,170.65.34.65
601,Sibyl,Metrick,smetrickdw@mapquest.com,Female,38.198.161.87
602,Addison,Codeman,acodemandx@freewebs.com,Male,127.252.99.47
603,Jeremias,Brown,jbrowndy@webs.com,Male,34.116.136.173
604,Charil,Dumelow,cdumelowdz@angelfire.com,Agender,215.170.37.45
605,Chester,Perulli,cperullie0@gravatar.com,Male,13.226.89.229
606,Fleming,Davoren,fdavorene1@princeton.edu,Male,81.46.236.151
607,Peggi,Horsell,phorselle2@google.fr,Female,69.230.217.54
608,Jocelyn,Domange,jdomangee3@google.it,Female,151.63.158.180
609,Guillaume,Shawley,gshawleye4@addtoany.com,Male,212.103.16.159
610,Marena,Tappor,mtappore5@g.co,Female,106.152.177.117
611,Bear,Harbor,bharbore6@gravatar.com,Male,165.235.218.29
612,Dexter,Pyrah,dpyrahe7@ustream.tv,Male,70.84.52.45
613,Fabe,Heare,fhearee8@forbes.com,Male,53.19.187.61
614,Loutitia,Mocker,lmockere9@forbes.com,Female,141.200.218.45
615,Wilow,D'Almeida,wdalmeidaea@friendfeed.com,Agender,102.225.97.23
616,Reyna,Walsh,rwalsheb@163.com,Female,88.222.122.205
617,Catlee,Vardy,cvardyec@canalblog.com,Female,92.167.129.152
618,Helaina,Dryden,hdrydened@washington.edu,Bigender,238.32.71.97
619,Jarrett,Kinman,jkinmanee@printfriendly.com,Male,103.117.238.101
620,Blondelle,Walsh,bwalshef@forbes.com,Female,194.112.103.222
621,Grange,Tuerena,gtuerenaeg@vinaora.com,Male,101.89.249.64
622,Abbott,Geator,ageatoreh@cnn.com,Male,120.186.59.83
623,Janetta,Moland,jmolandei@about.com,Female,91.80.247.232
624,Hayyim,Dalzell,hdalzellej@army.mil,Male,90.116.52.91
625,Greg,Jorry,gjorryek@odnoklassniki.ru,Male,48.231.171.22
626,Trace,Simmens,tsimmensel@sciencedaily.com,Male,46.126.216.65
627,Flore,Kleinber,fkleinberem@topsy.com,Female,14.166.34.149
628,Linoel,Decourcy,ldecourcyen@elpais.com,Male,182.3.66.245
629,Dwain,Camoletto,dcamolettoeo@slate.com,Male,59.173.242.239
630,Jabez,Arger,jargerep@xinhuanet.com,Male,153.147.19.116
631,Johan,Arnholtz,jarnholtzeq@telegraph.co.uk,Male,253.60.115.72
632,Christy,Wherton,cwhertoner@delicious.com,Male,122.239.70.158
633,Boote,O'Moylane,bomoylanees@netscape.com,Male,54.131.106.16
634,Teodoro,Conyer,tconyeret@cargocollective.com,Male,12.161.115.178
635,Alicia,Boom,aboomeu@wiley.com,Female,226.31.77.135
636,Suzette,Gerrets,sgerretsev@globo.com,Female,49.162.242.41
637,Jazmin,Reijmers,jreijmersew@elegantthemes.com,Female,233.141.167.196
638,Clair,Farnill,cfarnillex@cyberchimps.com,Non-binary,255.38.143.57
639,Micheline,Swanger,mswangerey@ocn.ne.jp,Female,180.126.216.216
640,Onofredo,Hutchcraft,ohutchcraftez@google.fr,Male,147.173.85.104
641,Mackenzie,Dood,mdoodf0@blogspot.com,Polygender,99.50.217.216
642,Gawen,Freschini,gfreschinif1@a8.net,Bigender,241.37.65.250
643,Rurik,Nabarro,rnabarrof2@disqus.com,Male,212.163.176.106
644,Averill,Laddle,aladdlef3@apache.org,Male,135.24.240.116
645,Andromache,Scoggan,ascogganf4@timesonline.co.uk,Female,22.169.157.16
646,Lawton,James,ljamesf5@macromedia.com,Male,169.149.75.242
647,Jenda,Portinari,jportinarif6@mozilla.com,Female,249.202.0.199
648,Vincenty,Damarell,vdamarellf7@de.vu,Male,87.10.44.221
649,Letta,Menat,lmenatf8@examiner.com,Female,39.229.150.198
650,Hermie,Regler,hreglerf9@rakuten.co.jp,Male,209.54.230.110
651,Bertie,Norwell,bnorwellfa@qq.com,Male,203.128.228.130
652,Mellisent,Waddilow,mwaddilowfb@stanford.edu,Female,245.28.187.34
653,Gretta,Loxston,gloxstonfc@alibaba.com,Female,111.97.82.163
654,Coraline,Flowers,cflowersfd@epa.gov,Female,120.125.35.46
655,Karrah,Emmet,kemmetfe@fema.gov,Female,152.167.143.252
656,Neddie,Gartery,ngarteryff@liveinternet.ru,Male,15.241.253.25
657,Shell,Coan,scoanfg@t-online.de,Male,44.198.90.42
658,Jere,Harbidge,jharbidgefh@blogs.com,Male,24.46.146.233
659,Antoine,Dransfield,adransfieldfi@etsy.com,Male,110.135.153.245
660,Borg,Tebbitt,btebbittfj@facebook.com,Male,250.137.222.112
661,Poppy,Petrushkevich,ppetrushkevichfk@odnoklassniki.ru,Female,243.55.59.95
662,Nathaniel,Dighton,ndightonfl@ft.com,Male,149.231.30.122
663,Maegan,Roydon,mroydonfm@ibm.com,Female,125.55.129.212
664,Dar,McVanamy,dmcvanamyfn@squarespace.com,Male,63.235.32.59
665,Urban,Scading,uscadingfo@comcast.net,Male,237.91.34.190
666,Tedmund,Cossey,tcosseyfp@timesonline.co.uk,Polygender,164.165.222.14
667,Skipton,Rodgier,srodgierfq@joomla.org,Male,78.124.174.79
668,Roxana,Mattingley,rmattingleyfr@samsung.com,Agender,246.140.109.183
669,Lothaire,Shelf,lshelffs@aol.com,Male,160.168.109.159
670,Meridith,Churchouse,mchurchouseft@goo.gl,Female,7.190.52.69
671,Dukie,MacColl,dmaccollfu@forbes.com,Male,196.213.149.20
672,Finlay,Hardisty,fhardistyfv@ted.com,Male,118.163.101.32
673,Norby,Camilli,ncamillifw@livejournal.com,Male,12.190.207.94
674,Zane,Whyatt,zwhyattfx@blog.com,Male,66.129.183.188
675,Caryn,Lujan,clujanfy@diigo.com,Female,5.202.58.3
676,Brittney,Wathall,bwathallfz@seesaa.net,Female,248.247.186.107
677,Angel,Baldelli,abaldellig0@time.com,Female,243.2.157.31
678,Reider,Silwood,rsilwoodg1@usa.gov,Male,123.177.62.176
679,Delmor,Eyton,deytong2@rakuten.co.jp,Male,251.234.25.133
680,Wyndham,Blackaller,wblackallerg3@dedecms.com,Male,99.141.23.65
681,Emeline,Portman,eportmang4@soundcloud.com,Female,55.182.100.46
682,Olly,Jacobbe,ojacobbeg5@plala.or.jp,Male,117.212.18.5
683,Gayle,Brind,gbrindg6@seattletimes.com,Male,249.166.118.148
684,Kirbie,Whitlam,kwhitlamg7@dedecms.com,Female,65.135.215.79
685,Luciano,Cramphorn,lcramphorng8@biglobe.ne.jp,Male,31.215.242.117
686,Zabrina,Georgel,zgeorgelg9@unicef.org,Female,67.229.96.51
687,Welby,Kirsop,wkirsopga@businessweek.com,Male,55.201.115.243
688,Cristi,Atcheson,catchesongb@trellian.com,Female,188.39.89.110
689,Zacharie,Decent,zdecentgc@cbsnews.com,Male,59.126.42.81
690,Selinda,Bruni,sbrunigd@china.com.cn,Female,141.167.172.1
691,Claus,Manass,cmanassge@ycombinator.com,Polygender,229.224.201.80
692,Forester,Reedman,freedmangf@nba.com,Male,125.154.32.149
693,Corie,Horder,chordergg@tinyurl.com,Female,85.125.207.42
694,Stefania,Dennes,sdennesgh@chronoengine.com,Female,32.54.173.147
695,Maurits,Bogue,mboguegi@cisco.com,Male,145.254.210.8
696,Creight,Thay,cthaygj@webnode.com,Male,74.212.151.73
697,Whitney,Cissell,wcissellgk@bluehost.com,Female,252.7.164.41
698,Marcille,Rosenfarb,mrosenfarbgl@opera.com,Female,227.157.173.224
699,Fran,Sisson,fsissongm@umich.edu,Male,155.178.184.150
700,Babette,Sorrel,bsorrelgn@pinterest.com,Female,244.157.179.85
701,Dill,Andresen,dandresengo@guardian.co.uk,Male,43.146.110.181
702,Rolph,Muddiman,rmuddimangp@nydailynews.com,Male,40.58.34.191
703,Job,Bath,jbathgq@walmart.com,Male,233.131.112.239
704,Josy,Furneaux,jfurneauxgr@accuweather.com,Female,116.128.173.32
705,Ruggiero,Pedley,rpedleygs@fda.gov,Male,166.90.133.204
706,Alexandre,Bonanno,abonannogt@ft.com,Male,175.133.122.22
707,Redford,Deverson,rdeversongu@statcounter.com,Male,173.144.113.64
708,Blithe,Veitch,bveitchgv@time.com,Female,194.109.193.176
709,Nappie,Dilland,ndillandgw@etsy.com,Male,220.164.13.28
710,Orbadiah,Spincks,ospincksgx@friendfeed.com,Male,0.28.149.190
711,Keven,Caccavale,kcaccavalegy@t-online.de,Male,178.167.195.155
712,Vanda,Duligall,vduligallgz@phpbb.com,Female,93.164.120.9
713,Delaney,Lozano,dlozanoh0@gov.uk,Male,185.149.32.218
714,Chev,Ashmole,cashmoleh1@cnet.com,Male,106.91.229.160
715,Neddy,Heugle,nheugleh2@ihg.com,Male,254.130.163.12
716,Mahmoud,Saterthwait,msaterthwaith3@go.com,Male,209.223.167.74
717,Adan,Radsdale,aradsdaleh4@twitpic.com,Male,182.192.118.6
718,Sloane,Wrightam,swrightamh5@npr.org,Male,221.50.161.254
719,Moses,Maryott,mmaryotth6@list-manage.com,Male,206.18.34.145
720,Jakie,Andreone,jandreoneh7@bravesites.com,Male,227.152.13.254
721,Aurelea,Hyrons,ahyronsh8@xinhuanet.com,Female,191.190.109.149
722,Cordy,Farr,cfarrh9@comcast.net,Female,30.153.56.130
723,Ferdinand,Cazin,fcazinha@1und1.de,Male,232.201.248.26
724,Julienne,Dinsmore,jdinsmorehb@friendfeed.com,Female,60.252.10.137
725,Dalt,Dacres,ddacreshc@washington.edu,Male,85.153.206.246
726,Cletis,Panton,cpantonhd@timesonline.co.uk,Male,57.118.24.219
727,Bobinette,Cullingford,bcullingfordhe@apple.com,Bigender,31.224.235.67
728,Roxy,Brennans,rbrennanshf@gmpg.org,Polygender,188.15.165.189
729,Arden,Vannozzii,avannozziihg@smh.com.au,Female,110.77.141.152
730,Ciro,Atteridge,catteridgehh@dagondesign.com,Male,35.35.99.105
731,Lorenza,Traylen,ltraylenhi@wordpress.org,Female,237.17.121.86
732,Pebrook,Stiant,pstianthj@bbb.org,Male,32.21.99.141
733,Shurlock,Croix,scroixhk@yolasite.com,Non-binary,17.90.237.241
734,Ange,Dishmon,adishmonhl@cbc.ca,Female,15.218.188.215
735,Aileen,Glasspool,aglasspoolhm@amazon.com,Female,210.247.13.111
736,Leighton,Ivantsov,livantsovhn@businessinsider.com,Male,208.244.2.136
737,Amye,Irce,airceho@wikispaces.com,Female,83.206.178.247
738,Mersey,Langhor,mlanghorhp@businessinsider.com,Female,106.202.239.210
739,Kaila,Kenyon,kkenyonhq@hubpages.com,Female,54.32.185.85
740,Ryon,Ericssen,rericssenhr@4shared.com,Male,55.197.170.62
741,Roseann,Pawlicki,rpawlickihs@time.com,Female,157.13.223.0
742,Carrol,Zebedee,czebedeeht@nhs.uk,Non-binary,130.145.125.69
743,Matty,Mattis,mmattishu@youtube.com,Male,29.171.129.29
744,Perren,Pyford,ppyfordhv@topsy.com,Bigender,179.214.61.25
745,Konstantin,Fontelles,kfontelleshw@usnews.com,Male,90.78.214.140
746,Dawna,Ironside,dironsidehx@npr.org,Female,10.158.12.251
747,Valeria,Verlander,vverlanderhy@stanford.edu,Female,112.25.5.199
748,Hannah,Vasyunkin,hvasyunkinhz@myspace.com,Female,18.23.245.245
749,Hendrik,McGuane,hmcguanei0@unicef.org,Male,21.47.228.174
750,Holmes,Fearenside,hfearensidei1@wisc.edu,Male,27.221.159.186
751,Norrie,Barnard,nbarnardi2@ca.gov,Male,137.111.104.78
752,Yoko,Engelmann,yengelmanni3@w3.org,Female,126.127.226.128
753,Catlin,Davydkov,cdavydkovi4@cocolog-nifty.com,Female,37.169.232.221
754,Gabriele,Stratford,gstratfordi5@fema.gov,Male,25.90.184.207
755,Kendal,Dearness,kdearnessi6@phpbb.com,Male,73.68.246.9
756,Calhoun,Cheale,cchealei7@dot.gov,Male,243.140.243.234
757,Anetta,Mowen,amoweni8@cisco.com,Female,206.193.92.233
758,Viva,Skipperbottom,vskipperbottomi9@360.cn,Female,138.178.204.97
759,Nadean,Wilprecht,nwilprechtia@rakuten.co.jp,Female,90.87.177.64
760,Cody,Hanaby,chanabyib@uol.com.br,Male,164.140.248.50
761,Steffen,Peace,speaceic@jigsy.com,Male,93.55.210.138
762,Marmaduke,MacClancey,mmacclanceyid@ehow.com,Male,126.242.1.28
763,Eward,Tole,etoleie@imdb.com,Non-binary,24.194.140.154
764,Bess,Erdis,berdisif@typepad.com,Bigender,25.240.247.177
765,Roi,Dobrowolny,rdobrowolnyig@zimbio.com,Male,26.245.2.182
766,Kristos,Hebson,khebsonih@sciencedaily.com,Male,109.57.151.106
767,Hamlen,Schubuser,hschubuserii@sbwire.com,Male,128.186.71.248
768,Teirtza,Langelay,tlangelayij@disqus.com,Female,170.89.248.68
769,Morty,Batts,mbattsik@usgs.gov,Male,184.148.147.93
770,Darill,Morratt,dmorrattil@hugedomains.com,Male,134.123.201.140
771,Marshall,McMickan,mmcmickanim@technorati.com,Male,59.111.241.169
772,Sean,Boutellier,sboutellierin@slashdot.org,Agender,236.202.11.118
773,Brantley,McNeachtain,bmcneachtainio@timesonline.co.uk,Male,42.205.156.88
774,Bryan,Mourant,bmourantip@opera.com,Male,1.199.124.151
775,Niven,Raymont,nraymontiq@google.de,Male,211.171.171.220
776,Adara,Burston,aburstonir@istockphoto.com,Female,80.60.197.167
777,Tally,Nethercott,tnethercottis@geocities.jp,Female,138.33.164.139
778,Keely,Labin,klabinit@netvibes.com,Female,95.64.179.192
779,Meagan,Cressor,mcressoriu@miibeian.gov.cn,Agender,22.143.31.226
780,Bil,Lackemann,blackemanniv@jugem.jp,Male,191.74.37.241
781,Dorolisa,Farnie,dfarnieiw@instagram.com,Female,225.151.194.11
782,Jan,Fogg,jfoggix@goodreads.com,Male,224.178.40.73
783,Marc,Maddison,mmaddisoniy@army.mil,Male,75.182.23.234
784,Chrissy,Bushby,cbushbyiz@blinklist.com,Male,149.110.53.141
785,Duky,Kissick,dkissickj0@facebook.com,Male,5.108.75.255
786,Beaufort,Finley,bfinleyj1@reference.com,Male,239.75.140.219
787,Trace,Iorillo,tiorilloj2@discuz.net,Male,23.94.142.214
788,Kort,Tindall,ktindallj3@hud.gov,Non-binary,203.124.252.162
789,Skippie,Stelljes,sstelljesj4@berkeley.edu,Male,169.136.70.160
790,Kristan,Bolletti,kbollettij5@theglobeandmail.com,Female,87.175.98.22
791,Ofella,Tutchener,otutchenerj6@seattletimes.com,Female,13.61.249.160
792,Shalom,L'Episcopio,slepiscopioj7@linkedin.com,Male,157.145.103.67
793,Zelda,Jobey,zjobeyj8@ehow.com,Female,147.169.101.222
794,Tynan,Elvish,telvishj9@digg.com,Male,33.120.209.63
795,Gwenneth,Andreas,gandreasja@spotify.com,Female,145.136.227.164
796,Jason,Maddern,jmaddernjb@wisc.edu,Male,166.185.220.182
797,Ernest,Mailes,emailesjc@1und1.de,Male,115.68.177.250
798,Mariska,Castille,mcastillejd@apache.org,Female,44.105.196.18
799,Pablo,Younger,pyoungerje@moonfruit.com,Male,109.210.162.98
800,Abeu,Bloxham,abloxhamjf@xinhuanet.com,Male,121.26.174.135
801,Chrisse,Bodicam,cbodicamjg@wordpress.org,Male,187.129.229.96
802,Selma,Shirtliff,sshirtliffjh@weather.com,Female,251.192.161.96
803,Granthem,Metheringham,gmetheringhamji@mashable.com,Male,142.166.196.176
804,Wyatan,Radbourn,wradbournjj@techcrunch.com,Male,113.181.134.109
805,Nessy,Dwerryhouse,ndwerryhousejk@tumblr.com,Female,88.63.164.6
806,Lula,Diack,ldiackjl@springer.com,Female,182.140.139.7
807,Wilmar,De Avenell,wdeavenelljm@istockphoto.com,Male,156.170.173.109
808,Alistair,Wombwell,awombwelljn@about.com,Male,7.245.155.6
809,Estel,Wadmore,ewadmorejo@addtoany.com,Female,237.71.8.160
810,Dannie,Thorsen,dthorsenjp@pagesperso-orange.fr,Male,156.39.153.142
811,Stanford,Skaid,sskaidjq@virginia.edu,Male,181.48.119.114
812,Deerdre,Georgievski,dgeorgievskijr@mtv.com,Female,75.55.72.183
813,Tarah,Claus,tclausjs@webeden.co.uk,Female,153.81.248.242
814,Mandel,Bodycomb,mbodycombjt@mail.ru,Male,147.90.58.176
815,Konrad,Sudworth,ksudworthju@samsung.com,Male,163.190.56.96
816,Valaree,Willman,vwillmanjv@bloomberg.com,Female,130.2.166.69
817,Carlye,Haswell,chaswelljw@sphinn.com,Female,112.243.57.201
818,Timmie,Starling,tstarlingjx@plala.or.jp,Female,4.58.99.166
819,Lavina,Patterson,lpattersonjy@theguardian.com,Female,255.171.24.156
820,Bard,Stampe,bstampejz@shinystat.com,Male,72.178.163.93
821,Luciano,Attenborough,lattenboroughk0@dot.gov,Male,52.56.129.40
822,Jakie,Allsepp,jallseppk1@army.mil,Male,22.208.71.174
823,Patrica,Stanner,pstannerk2@businessweek.com,Female,60.0.19.57
824,Christel,Fronzek,cfronzekk3@gmpg.org,Female,92.193.150.202
825,Moira,Biaggelli,mbiaggellik4@tumblr.com,Genderqueer,179.29.217.200
826,Hendrick,Aspinal,haspinalk5@businessweek.com,Male,200.16.219.7
827,Edmon,Dennis,edennisk6@prlog.org,Male,82.143.47.232
828,Byran,Hasty,bhastyk7@wiley.com,Male,114.248.215.238
829,Dru,Warrior,dwarriork8@mapy.cz,Female,114.46.73.47
830,Torrie,Truett,ttruettk9@ucoz.ru,Female,61.93.172.88
831,Charline,Scorton,cscortonka@chronoengine.com,Female,79.199.72.247
832,Roselle,Gwinnett,rgwinnettkb@squarespace.com,Non-binary,158.250.237.220
833,Germana,Debrett,gdebrettkc@ed.gov,Female,190.145.105.134
834,Gerald,Behneke,gbehnekekd@hibu.com,Male,11.13.161.162
835,Dallis,Heartfield,dheartfieldke@t-online.de,Male,18.40.92.148
836,Welch,Twinbourne,wtwinbournekf@shareasale.com,Male,127.179.212.173
837,Merilyn,Croydon,mcroydonkg@cisco.com,Female,38.111.85.124
838,Aaron,O'Concannon,aoconcannonkh@state.tx.us,Male,131.72.6.12
839,Kipp,Quaife,kquaifeki@who.int,Male,29.54.18.154
840,Danice,Panton,dpantonkj@hatena.ne.jp,Female,46.126.68.80
841,Latrena,Sayle,lsaylekk@opensource.org,Female,108.47.183.16
842,Kirk,Trimming,ktrimmingkl@topsy.com,Male,217.210.146.73
843,Dorothea,Bellham,dbellhamkm@globo.com,Female,91.92.252.85
844,Othello,Parnall,oparnallkn@statcounter.com,Male,106.189.243.243
845,Arlie,Kencott,akencottko@va.gov,Female,111.150.46.126
846,Carmela,Lupson,clupsonkp@weebly.com,Female,94.5.228.135
847,Trever,McConnachie,tmcconnachiekq@mashable.com,Male,135.69.237.247
848,Augy,Macrow,amacrowkr@dedecms.com,Genderfluid,39.236.208.213
849,Eduardo,Mugridge,emugridgeks@weather.com,Male,39.200.243.38
850,Konstantine,Lutty,kluttykt@admin.ch,Genderfluid,226.168.29.108
851,Haily,Timlett,htimlettku@google.com,Male,93.158.18.121
852,Elizabeth,Jobling,ejoblingkv@hp.com,Female,46.241.62.115
853,Karin,Petican,kpeticankw@samsung.com,Female,220.117.208.215
854,Mellie,Avent,maventkx@yandex.ru,Female,170.4.95.241
855,Peyton,Sollom,psollomky@merriam-webster.com,Male,26.191.27.19
856,Bent,Bryer,bbryerkz@mlb.com,Male,148.183.160.227
857,Lloyd,Blint,lblintl0@hostgator.com,Male,90.157.6.152
858,Hildegaard,Shoreman,hshoremanl1@businessinsider.com,Female,188.22.237.127
859,Evyn,Bjorkan,ebjorkanl2@taobao.com,Male,39.228.228.115
860,Phip,Stebbings,pstebbingsl3@google.com.br,Bigender,238.43.41.241
861,Vail,Taffurelli,vtaffurellil4@seattletimes.com,Male,12.76.215.235
862,Alwyn,Michie,amichiel5@google.de,Male,71.117.1.9
863,Dilan,Grimme,dgrimmel6@google.de,Male,33.107.103.234
864,Cynthie,Marsters,cmarstersl7@360.cn,Female,121.38.126.104
865,Mathew,Reinhard,mreinhardl8@businessinsider.com,Male,111.112.109.9
866,Gayler,Oleksinski,goleksinskil9@toplist.cz,Male,104.112.58.47
867,Nilson,Labba,nlabbala@diigo.com,Male,147.205.128.51
868,Park,Eberts,pebertslb@cornell.edu,Male,106.58.177.251
869,Clarette,Wollers,cwollerslc@cornell.edu,Female,7.99.228.128
870,Sandor,Gurys,sgurysld@samsung.com,Male,228.244.231.180
871,Ephrayim,Jobes,ejobesle@psu.edu,Male,69.102.50.71
872,Janifer,Casely,jcaselylf@jugem.jp,Female,236.226.63.222
873,Gordy,Tadgell,gtadgelllg@globo.com,Male,196.184.63.125
874,Delmor,Odd,doddlh@lycos.com,Male,99.205.120.209
875,Gibb,Yeulet,gyeuletli@uiuc.edu,Male,92.194.21.150
876,Betsey,Minton,bmintonlj@flavors.me,Female,5.94.28.108
877,Davide,Boldero,dbolderolk@unc.edu,Male,14.177.194.67
878,Lyell,Mantz,lmantzll@angelfire.com,Male,236.166.50.251
879,Mikey,Marzelle,mmarzellelm@phpbb.com,Bigender,49.146.206.239
880,Maximilianus,Benko,mbenkoln@fda.gov,Male,231.142.122.125
881,Quinta,Busk,qbusklo@google.fr,Female,247.48.143.105
882,Selle,Shalliker,sshallikerlp@ft.com,Female,142.101.212.33
883,Hyatt,Pressnell,hpressnelllq@over-blog.com,Male,192.63.167.55
884,Axe,McVie,amcvielr@over-blog.com,Male,242.153.208.187
885,Fredia,Colleymore,fcolleymorels@altervista.org,Female,53.120.83.152
886,Dylan,Ghest,dghestlt@blog.com,Male,182.186.120.50
887,Jeanne,Drysdell,jdrysdelllu@who.int,Female,172.67.63.38
888,Lawry,Lindblad,llindbladlv@bandcamp.com,Male,109.7.76.219
889,Rowney,Davidde,rdaviddelw@netvibes.com,Male,116.58.223.186
890,Mirella,Keitley,mkeitleylx@usnews.com,Female,119.202.235.67
891,Ramon,Fairbrass,rfairbrassly@loc.gov,Male,223.197.4.29
892,Vannie,O'Regan,voreganlz@elegantthemes.com,Female,83.253.96.202
893,Hercule,Chese,hchesem0@psu.edu,Polygender,157.69.4.181
894,Ashlen,Sumner,asumnerm1@ifeng.com,Female,188.145.78.164
895,Andree,Tillett,atillettm2@furl.net,Female,191.102.157.69
896,Ardyce,McLaughlin,amclaughlinm3@exblog.jp,Female,94.127.47.77
897,Carlos,Proschek,cproschekm4@bigcartel.com,Male,18.67.166.140
898,Karrie,Cassey,kcasseym5@blog.com,Female,20.5.50.166
899,Germayne,Kewish,gkewishm6@europa.eu,Male,88.162.81.111
900,Armand,Muehle,amuehlem7@mit.edu,Male,41.220.118.167
901,Melantha,Common,mcommonm8@cbc.ca,Female,24.255.175.248
902,Deborah,Zouch,dzouchm9@fastcompany.com,Female,141.106.157.202
903,Eduard,Lamperd,elamperdma@dagondesign.com,Male,97.160.213.141
904,Regina,Foy,rfoymb@earthlink.net,Female,130.40.223.88
905,Lynett,Symon,lsymonmc@creativecommons.org,Female,50.28.43.106
906,Ricki,Oram,rorammd@google.co.uk,Female,36.184.250.57
907,Kimberli,Griston,kgristonme@chron.com,Female,250.112.216.92
908,Rosalia,Shekle,rsheklemf@example.com,Female,90.143.249.181
909,Sauveur,Serfati,sserfatimg@indiatimes.com,Male,185.43.157.228
910,Rockwell,Mandy,rmandymh@discovery.com,Male,215.81.212.119
911,Jackson,Noore,jnooremi@qq.com,Male,115.204.128.202
912,Collie,Fillery,cfillerymj@miibeian.gov.cn,Female,201.238.5.180
913,Ginnie,Carder,gcardermk@list-manage.com,Female,200.87.120.2
914,Jania,Beaven,jbeavenml@craigslist.org,Female,227.202.42.119
915,Kendall,Mulford,kmulfordmm@github.io,Male,49.143.159.225
916,Lorettalorna,Wallace,lwallacemn@gizmodo.com,Female,47.35.246.155
917,Sauncho,Godley,sgodleymo@berkeley.edu,Male,216.142.243.215
918,Ninon,Thunnercliffe,nthunnercliffemp@opera.com,Female,52.80.171.31
919,Lisha,Unwins,lunwinsmq@xrea.com,Female,98.162.15.128
920,Camey,Pigot,cpigotmr@g.co,Male,217.64.68.79
921,Nelli,Koppen,nkoppenms@time.com,Female,151.99.149.33
922,Haleigh,Syers,hsyersmt@umn.edu,Genderqueer,152.42.70.238
923,Virginia,Pippin,vpippinmu@qq.com,Female,91.242.137.202
924,Hermie,Greguoli,hgreguolimv@miibeian.gov.cn,Male,157.58.245.190
925,Vinnie,Imlaw,vimlawmw@fc2.com,Female,224.90.150.142
926,Tori,Keddle,tkeddlemx@mtv.com,Non-binary,122.199.69.14
927,Washington,Eastope,weastopemy@hostgator.com,Male,214.128.95.70
928,Dulcine,Aspinall,daspinallmz@php.net,Female,6.204.44.226
929,Mathian,Ingray,mingrayn0@e-recht24.de,Male,198.58.168.73
930,Alina,Collinge,acollingen1@vimeo.com,Female,250.0.248.134
931,Niki,Tryhorn,ntryhornn2@edublogs.org,Male,131.16.53.46
932,Isidoro,Nisbith,inisbithn3@hp.com,Male,126.172.101.190
933,Bernadine,Burl,bburln4@hc360.com,Genderfluid,28.185.197.80
934,Mab,Rodinger,mrodingern5@sina.com.cn,Female,117.244.242.199
935,Giusto,Collum,gcollumn6@ifeng.com,Male,164.166.206.117
936,Annabela,Dignon,adignonn7@nydailynews.com,Female,99.233.235.109
937,Estevan,Carley,ecarleyn8@e-recht24.de,Male,200.175.209.226
938,Mala,Aiston,maistonn9@irs.gov,Polygender,208.87.219.54
939,Elsy,Oxterby,eoxterbyna@chicagotribune.com,Female,225.218.161.128
940,Elnore,McGovern,emcgovernnb@google.es,Female,245.240.210.186
941,Jolyn,Eaklee,jeakleenc@huffingtonpost.com,Female,223.99.220.69
942,Buffy,Jacmard,bjacmardnd@ehow.com,Female,222.117.229.237
943,Myrtia,Grayling,mgraylingne@chronoengine.com,Female,93.55.81.232
944,Dermot,Cogan,dcogannf@gizmodo.com,Male,83.200.70.89
945,Nehemiah,Swiers,nswiersng@free.fr,Male,242.50.24.196
946,Andrew,Chaplyn,achaplynnh@csmonitor.com,Male,26.166.158.187
947,Burke,Gaspero,bgasperoni@gizmodo.com,Male,135.139.16.46
948,Nial,Larroway,nlarrowaynj@cisco.com,Male,62.180.137.161
949,Emile,Dog,edognk@pen.io,Male,232.233.71.70
950,Alasdair,Lethardy,alethardynl@nymag.com,Non-binary,254.17.25.61
951,Jaquelyn,McElvogue,jmcelvoguenm@dailymail.co.uk,Female,58.129.105.1
952,Dalila,Canland,dcanlandnn@tinypic.com,Female,224.211.244.84
953,Faina,Galea,fgaleano@cbslocal.com,Female,71.153.124.1
954,Stella,Agnolo,sagnolonp@usa.gov,Female,166.230.143.66
955,Elyse,Cucinotta,ecucinottanq@mediafire.com,Genderqueer,174.134.86.96
956,Christan,Shelley,cshelleynr@printfriendly.com,Female,200.183.26.38
957,Valma,Torricina,vtorricinans@4shared.com,Female,111.243.122.54
958,Abby,Wolpert,awolpertnt@miibeian.gov.cn,Male,239.132.147.250
959,Jasen,Coggell,jcoggellnu@microsoft.com,Male,175.255.121.15
960,Brendan,Josephs,bjosephsnv@addtoany.com,Male,143.205.208.217
961,Bronnie,Plane,bplanenw@cafepress.com,Male,242.109.220.45
962,Valentine,Jansa,vjansanx@skyrock.com,Male,121.107.162.246
963,Sammy,Kerley,skerleyny@gmpg.org,Male,135.41.9.46
964,Taber,Van Arsdale,tvanarsdalenz@abc.net.au,Male,177.130.173.236
965,Otes,Ville,ovilleo0@deliciousdays.com,Male,138.167.19.199
966,Cos,Mannix,cmannixo1@unc.edu,Male,123.236.232.8
967,Chickie,Loades,cloadeso2@tinyurl.com,Female,236.18.40.10
968,Hillary,Collocott,hcollocotto3@cbsnews.com,Male,123.67.139.40
969,Francklyn,Ducket,fducketo4@unblog.fr,Genderfluid,3.131.241.196
970,Randene,Bydaway,rbydawayo5@blogtalkradio.com,Female,156.45.25.247
971,Nessie,Baraclough,nbaraclougho6@furl.net,Female,30.213.17.98
972,Hamilton,Bott,hbotto7@oaic.gov.au,Male,153.229.59.78
973,Kaela,Tyght,ktyghto8@businesswire.com,Female,14.179.127.44
974,Anne,Sailor,asailoro9@buzzfeed.com,Female,201.134.6.128
975,Mano,Kitteridge,mkitteridgeoa@ted.com,Male,95.20.60.66
976,Coralie,Snuggs,csnuggsob@nyu.edu,Female,37.192.127.39
977,Xavier,St Leger,xstlegeroc@google.ca,Male,209.166.81.133
978,Con,Tankard,ctankardod@scribd.com,Female,211.170.164.114
979,Fremont,Mannock,fmannockoe@myspace.com,Male,29.178.241.0
980,Ollie,Brannigan,obranniganof@berkeley.edu,Male,238.215.165.55
981,Ira,Eastbury,ieastburyog@wufoo.com,Female,34.80.20.93
982,Adams,Bottomer,abottomeroh@scribd.com,Male,157.56.73.125
983,Charline,Fareweather,cfareweatheroi@weibo.com,Female,66.225.64.7
984,Juliane,Millin,jmillinoj@howstuffworks.com,Female,48.44.248.106
985,Marga,Geill,mgeillok@un.org,Female,43.138.57.231
986,Ancell,Borrill,aborrillol@wp.com,Male,165.12.182.54
987,Jilleen,Balston,jbalstonom@unicef.org,Female,189.166.156.12
988,Amil,La Vigne,alavigneon@alexa.com,Female,213.148.159.6
989,Sher,Anstie,sanstieoo@tinyurl.com,Female,98.213.206.119
990,Delphinia,Wathen,dwathenop@ycombinator.com,Female,159.28.238.169
991,Cal,Boxell,cboxelloq@businesswire.com,Male,167.199.98.58
992,Jennine,MacNeilley,jmacneilleyor@marketwatch.com,Female,152.130.194.160
993,Kendrick,Maier,kmaieros@wsj.com,Male,155.30.108.100
994,Ulrikaumeko,Grigolon,ugrigolonot@mayoclinic.com,Female,98.119.230.66
995,Jamil,Crookshank,jcrookshankou@discuz.net,Male,90.103.98.107
996,Peg,Popple,ppoppleov@soup.io,Female,207.98.192.83
997,Keriann,Grenkov,kgrenkovow@seattletimes.com,Agender,19.171.137.3
998,Biddy,Pendergast,bpendergastox@slashdot.org,Female,33.4.49.18
999,Cathie,Warland,cwarlandoy@taobao.com,Female,108.50.233.42
1000,Beverlee,Teggin,btegginoz@goo.gl,Female,37.135.247.179
1001,Brinna,Seaborne,bseabornep0@youtu.be,Female,103.136.197.134
1002,Meredeth,Harvatt,mharvattp1@hao123.com,Male,10.151.134.187
1003,Pattie,Battleson,pbattlesonp2@amazonaws.com,Male,213.212.185.117
1004,Mollie,Hutfield,mhutfieldp3@indiegogo.com,Female,251.70.21.197
1005,Palmer,Bourgaize,pbourgaizep4@redcross.org,Male,67.253.26.220
1006,Aubrey,Cantera,acanterap5@e-recht24.de,Female,191.224.194.145
1007,Rudiger,Bahia,rbahiap6@nasa.gov,Male,206.249.53.27
1008,Reggie,Bozier,rbozierp7@ox.ac.uk,Female,53.125.32.53
1009,Catharine,Couser,ccouserp8@google.ca,Female,137.76.114.149
1010,Ansel,Treanor,atreanorp9@slashdot.org,Male,237.40.34.131
1011,Moses,Sketchley,msketchleypa@networksolutions.com,Male,69.158.78.71
1012,Byrle,Waker,bwakerpb@odnoklassniki.ru,Male,28.153.248.212
1013,Devin,Gourley,dgourleypc@techcrunch.com,Male,190.185.38.69
1014,Lon,Blackaby,lblackabypd@parallels.com,Male,234.183.13.237
1015,Legra,Kingdon,lkingdonpe@boston.com,Female,146.89.232.45
1016,Dorothee,Egle,deglepf@smugmug.com,Female,44.208.107.216
1017,Lora,Colleran,lcolleranpg@eventbrite.com,Female,137.151.241.122
1018,Cathrin,Beeden,cbeedenph@trellian.com,Female,184.247.73.118
1019,Margalo,Serginson,mserginsonpi@paginegialle.it,Female,98.137.248.216
1020,Byrle,Tripney,btripneypj@photobucket.com,Male,57.164.197.105
1021,Pietro,Gidman,pgidmanpk@php.net,Male,33.67.81.177
1022,Dinah,Brandino,dbrandinopl@google.es,Female,125.177.204.152
1023,Clemens,Catton,ccattonpm@google.pl,Male,170.33.57.22
1024,Stanton,Soal,ssoalpn@marriott.com,Male,21.44.151.15
1025,Michele,Lodemann,mlodemannpo@bloglines.com,Female,159.213.51.190
1026,Waiter,Pedwell,wpedwellpp@istockphoto.com,Male,116.72.251.154
1027,Teena,Bullar,tbullarpq@latimes.com,Female,19.75.124.61
1028,Beverie,Sextone,bsextonepr@geocities.com,Genderfluid,11.155.124.22
1029,Lexine,Fowgies,lfowgiesps@topsy.com,Female,187.26.148.10
1030,Bert,Rechert,brechertpt@sciencedaily.com,Female,220.181.26.190
1031,Brynna,Legerton,blegertonpu@comsenz.com,Female,182.109.34.65
1032,Gillie,Bonifazio,gbonifaziopv@home.pl,Female,221.42.13.37
1033,Maurise,Sissot,msissotpw@prnewswire.com,Male,129.95.173.102
1034,Hubey,Sleigh,hsleighpx@1688.com,Genderqueer,221.4.22.115
1035,Dulce,Goode,dgoodepy@newsvine.com,Female,114.227.164.190
1036,Consalve,Sterte,cstertepz@slideshare.net,Male,55.18.216.230
1037,Laurie,Gierke,lgierkeq0@businessinsider.com,Male,61.213.237.243
1038,Bryanty,Fancott,bfancottq1@disqus.com,Male,0.86.171.0
1039,Phylis,Haggerstone,phaggerstoneq2@xinhuanet.com,Genderfluid,0.195.167.43
1040,Georgi,Gerault,ggeraultq3@ask.com,Bigender,53.241.171.180
1041,Violet,Testro,vtestroq4@opera.com,Female,9.203.51.68
1042,Florry,MacDaid,fmacdaidq5@go.com,Female,255.178.86.249
1043,Viki,Mougel,vmougelq6@state.gov,Female,115.148.4.174
1044,Willie,Biddulph,wbiddulphq7@tamu.edu,Male,72.203.87.153
1045,Quinton,Shackle,qshackleq8@loc.gov,Male,228.220.101.199
1046,Kali,Tebbs,ktebbsq9@parallels.com,Female,130.87.64.237
1047,North,Bramsen,nbramsenqa@noaa.gov,Male,47.26.230.171
1048,Barth,Canning,bcanningqb@yelp.com,Male,170.117.139.247
1049,Trevar,Thorsen,tthorsenqc@artisteer.com,Genderqueer,115.198.99.158
1050,Caro,Warcop,cwarcopqd@sitemeter.com,Female,176.44.117.218
1051,Abeu,McIlvenna,amcilvennaqe@scribd.com,Male,65.96.174.2
1052,Barbie,Martel,bmartelqf@oracle.com,Female,255.151.151.142
1053,Chelsea,Brackenridge,cbrackenridgeqg@independent.co.uk,Female,125.5.245.132
1054,Theda,Sowman,tsowmanqh@nasa.gov,Female,48.55.135.85
1055,Dinah,Fraczek,dfraczekqi@pcworld.com,Non-binary,218.8.169.239
1056,Chrissy,Averill,caverillqj@lulu.com,Male,225.85.73.105
1057,Godard,Bernardes,gbernardesqk@thetimes.co.uk,Male,164.152.248.236
1058,Charlot,Giocannoni,cgiocannoniql@arizona.edu,Female,221.1.213.17
1059,Wash,Fishwick,wfishwickqm@twitter.com,Male,89.103.137.128
1060,Zechariah,Saura,zsauraqn@illinois.edu,Polygender,46.107.106.108
1061,Reeva,Riccardini,rriccardiniqo@elegantthemes.com,Female,188.202.19.39
1062,Emlyn,Kiellor,ekiellorqp@paypal.com,Male,69.196.77.142
1063,Cordie,Wegenen,cwegenenqq@bing.com,Male,164.49.48.54
1064,Ximenes,Hiddy,xhiddyqr@clickbank.net,Male,237.114.53.41
1065,Dory,Jakubovics,djakubovicsqs@umich.edu,Polygender,47.66.140.135
1066,Janet,Filppetti,jfilppettiqt@ca.gov,Female,45.4.229.97
1067,Karina,Brisse,kbrissequ@liveinternet.ru,Female,92.120.72.72
1068,Chaddie,Urridge,curridgeqv@theatlantic.com,Male,140.185.65.37
1069,Janka,Moncaster,jmoncasterqw@nba.com,Female,79.220.168.248
1070,Tamas,Brunstan,tbrunstanqx@timesonline.co.uk,Male,1.246.171.203
1071,Horatius,Andrini,handriniqy@wikimedia.org,Male,96.169.151.232
1072,Nicolea,Spykings,nspykingsqz@cocolog-nifty.com,Female,107.10.210.176
1073,Tania,Howels,thowelsr0@huffingtonpost.com,Female,167.174.41.11
1074,Ev,Roll,erollr1@feedburner.com,Male,201.12.207.118
1075,Dennet,Bote,dboter2@google.de,Male,163.78.158.38
1076,Skell,Aherne,saherner3@yelp.com,Male,61.167.59.55
1077,Bobinette,Arangy,barangyr4@t.co,Non-binary,61.78.69.195
1078,Jobey,Santora,jsantorar5@baidu.com,Female,140.167.127.146
1079,Mycah,Hayland,mhaylandr6@123-reg.co.uk,Male,240.223.136.12
1080,Cosetta,Mackelworth,cmackelworthr7@liveinternet.ru,Female,174.57.8.128
1081,Travers,Tower,ttowerr8@skyrock.com,Male,109.157.60.102
1082,Dyna,Brommage,dbrommager9@nifty.com,Female,124.234.66.93
1083,Stanislaw,Floyde,sfloydera@mit.edu,Male,54.69.79.236
1084,Ajay,Churchard,achurchardrb@who.int,Female,244.192.50.198
1085,Dix,Tregust,dtregustrc@stumbleupon.com,Female,64.109.178.21
1086,Raffaello,Bineham,rbinehamrd@domainmarket.com,Male,215.120.227.47
1087,Arlinda,Shenton,ashentonre@google.com.au,Female,181.85.103.250
1088,Johann,Josum,jjosumrf@fema.gov,Male,5.77.103.223
1089,Shepherd,Featherstonhaugh,sfeatherstonhaughrg@irs.gov,Male,150.87.91.66
1090,Sheffie,Beaufoy,sbeaufoyrh@artisteer.com,Male,49.61.26.188
1091,Marian,Groger,mgrogerri@sohu.com,Female,18.198.113.13
1092,Marian,Rackham,mrackhamrj@sogou.com,Female,107.189.228.69
1093,Wendall,Beckers,wbeckersrk@dion.ne.jp,Male,121.8.75.58
1094,Pail,Dublin,pdublinrl@reference.com,Male,230.132.160.67
1095,Peta,Growy,pgrowyrm@google.com.au,Female,25.248.17.150
1096,Daryn,Rubica,drubicarn@businessweek.com,Polygender,181.233.242.184
1097,Janeta,Elstow,jelstowro@about.com,Female,199.224.134.56
1098,Elyse,Kembery,ekemberyrp@toplist.cz,Female,129.109.194.82
1099,Juliann,Balffye,jbalffyerq@nytimes.com,Female,16.221.219.165
1100,Elwira,Hellen,ehellenrr@google.nl,Female,65.102.228.29
